Date	Price	Open	High	Low	Vol.	Change %
Jan 23, 2014	121.79	120.97	122.02	120.97	11.04M	2.18
Jan 22, 2014	119.19	119.65	119.77	119.17	4.90M	-0.43
Jan 21, 2014	119.70	119.23	119.97	119.23	6.77M	-1.02
Jan 17, 2014	120.93	120.35	121.02	120.20	7.93M	0.95
Jan 16, 2014	119.79	119.84	119.96	119.57	3.95M	0.11
Jan 15, 2014	119.66	119.19	119.81	119.11	5.48M	-0.19
Jan 14, 2014	119.89	120.54	121.06	119.72	7.51M	-0.93
Jan 13, 2014	121.02	120.27	121.04	120.20	5.88M	0.63
Jan 10, 2014	120.26	119.72	120.43	119.58	7.99M	1.52
Jan 09, 2014	118.46	118.11	118.69	117.99	3.97M	0.29
Jan 08, 2014	118.12	117.99	118.52	117.50	7.43M	-0.59
Jan 07, 2014	118.82	118.46	118.92	118.13	6.44M	-0.57
Jan 06, 2014	119.50	119.76	120.39	117.11	10.11M	0.18
Jan 03, 2014	119.29	118.64	119.62	118.59	5.88M	1.09
Jan 02, 2014	118.00	117.93	118.73	117.75	7.57M	1.62
Dec 31, 2013	116.12	114.61	117.13	114.46	12.84M	0.63
Dec 30, 2013	115.39	116.37	116.40	115.18	6.71M	-1.48
Dec 27, 2013	117.12	117.31	117.38	116.85	4.21M	0.33
Dec 26, 2013	116.74	117.23	117.23	116.65	3.87M	0.55
Dec 24, 2013	116.10	115.79	116.29	115.71	3.35M	0.46
Dec 23, 2013	115.57	115.61	116.12	115.43	6.24M	-0.32
Dec 20, 2013	115.94	115.37	116.47	115.06	14.70M	0.98
Dec 19, 2013	114.82	115.97	116.06	114.50	15.98M	-2.37
Dec 18, 2013	117.61	119.00	120.05	117.29	16.27M	-0.88
Dec 17, 2013	118.65	118.96	119.90	118.37	8.59M	-0.87
Dec 16, 2013	119.69	119.26	120.77	118.97	8.19M	0.26
Dec 13, 2013	119.38	118.89	119.49	118.76	6.48M	0.92
Dec 12, 2013	118.29	118.61	118.82	118.03	8.81M	-2.13
Dec 11, 2013	120.86	121.49	121.81	120.76	9.93M	-0.79
Dec 10, 2013	121.82	122.14	122.32	121.47	9.16M	1.75
Dec 09, 2013	119.72	118.99	119.92	118.95	5.51M	0.99
Dec 06, 2013	118.55	118.86	119.26	118.01	7.91M	0.21
Dec 05, 2013	118.30	118.20	119.24	117.41	10.25M	-1.38
Dec 04, 2013	119.96	118.33	120.76	118.16	9.11M	1.70
Dec 03, 2013	117.96	117.58	118.31	117.23	7.00M	0.32
Dec 02, 2013	117.58	119.20	119.29	117.50	10.30M	-2.58
Nov 29, 2013	120.70	120.67	121.05	120.62	2.36M	1.04
Nov 27, 2013	119.46	120.49	120.69	119.25	6.14M	-0.30
Nov 26, 2013	119.82	119.84	120.40	119.59	9.05M	-0.53
Nov 25, 2013	120.46	119.18	121.00	119.13	7.27M	0.45
Nov 22, 2013	119.92	120.24	120.40	119.82	6.78M	-0.02
Nov 21, 2013	119.94	119.81	120.35	119.31	7.56M	-0.15
Nov 20, 2013	120.12	121.67	122.44	119.76	14.28M	-2.30
Nov 19, 2013	122.95	122.97	123.40	122.83	3.67M	0.04
Nov 18, 2013	122.90	123.70	123.96	122.55	6.24M	-1.14
Nov 15, 2013	124.32	124.16	124.52	124.07	4.66M	0.04
Nov 14, 2013	124.27	123.92	124.91	123.88	7.67M	1.16
Nov 13, 2013	122.85	122.97	123.24	122.39	5.97M	0.33
Nov 12, 2013	122.45	123.51	123.87	121.73	7.71M	-1.15
Nov 11, 2013	123.87	123.92	123.97	123.66	3.28M	-0.33
Nov 08, 2013	124.28	124.46	124.46	123.62	8.43M	-1.49
Nov 07, 2013	126.16	126.14	126.85	125.86	7.70M	-0.82
Nov 06, 2013	127.20	127.11	127.36	126.92	3.54M	0.51
Nov 05, 2013	126.56	126.71	126.86	126.00	4.94M	-0.20
Nov 04, 2013	126.81	127.18	127.52	126.74	3.82M	-0.11
Nov 01, 2013	126.95	126.86	127.17	126.05	9.57M	-0.62
Oct 31, 2013	127.74	128.04	128.49	127.30	7.75M	-1.44
Oct 30, 2013	129.60	130.83	131.22	128.81	8.90M	-0.13
Oct 29, 2013	129.77	130.16	130.59	129.57	5.33M	-0.61
Oct 28, 2013	130.56	130.41	131.44	130.10	6.82M	0.08
Oct 25, 2013	130.46	129.53	130.92	129.46	8.77M	0.43
Oct 24, 2013	129.90	129.41	130.53	129.41	10.23M	0.94
Oct 23, 2013	128.69	128.55	129.09	128.35	5.10M	-0.50
Oct 22, 2013	129.34	128.25	129.81	128.22	8.85M	1.86
Oct 21, 2013	126.98	127.13	127.34	126.79	3.40M	0.10
Oct 18, 2013	126.85	126.87	127.33	126.60	5.35M	-0.45
Oct 17, 2013	127.42	127.01	127.86	126.81	11.79M	3.14
Oct 16, 2013	123.54	123.52	123.89	122.51	8.53M	-0.15
Oct 15, 2013	123.73	122.28	124.36	122.22	8.38M	0.73
Oct 14, 2013	122.83	123.90	124.24	122.81	6.12M	0.19
Oct 11, 2013	122.60	122.37	122.81	121.85	15.97M	-1.34
Oct 10, 2013	124.27	125.34	125.83	124.10	10.52M	-1.46
Oct 09, 2013	126.11	126.21	126.89	124.97	10.71M	-1.01
Oct 08, 2013	127.40	127.79	128.45	127.21	7.00M	-0.19
Oct 07, 2013	127.64	127.25	128.33	127.12	6.74M	0.88
Oct 04, 2013	126.53	127.05	127.15	126.00	6.92M	-0.51
Oct 03, 2013	127.18	126.77	127.69	126.22	11.63M	0.09
Oct 02, 2013	127.06	125.37	127.81	125.34	12.00M	1.98
Oct 01, 2013	124.59	125.25	125.26	123.81	16.72M	-2.80
Sep 30, 2013	128.18	127.95	129.14	127.70	8.98M	-0.61
Sep 27, 2013	128.97	128.86	129.58	128.84	7.45M	0.92
Sep 26, 2013	127.79	128.61	128.99	127.32	9.49M	-0.78
Sep 25, 2013	128.79	127.57	129.21	127.52	7.52M	0.89
Sep 24, 2013	127.66	126.40	128.21	126.34	7.35M	0.09
Sep 23, 2013	127.55	127.52	128.44	127.33	7.43M	-0.32
Sep 20, 2013	127.96	130.60	130.91	127.90	19.56M	-2.88
Sep 19, 2013	131.75	132.00	132.78	131.22	14.35M	-0.20
Sep 18, 2013	132.01	125.32	132.16	125.15	24.83M	4.36
Sep 17, 2013	126.50	126.81	126.99	126.11	8.14M	0.04
Sep 16, 2013	126.45	127.48	128.02	126.33	9.99M	-1.07
Sep 13, 2013	127.82	127.16	127.96	126.21	12.06M	0.12
Sep 12, 2013	127.67	128.62	128.78	127.61	12.94M	-3.06
Sep 11, 2013	131.70	131.58	131.81	131.26	5.05M	-0.03
Sep 10, 2013	131.74	131.82	132.00	131.11	8.43M	-1.62
Sep 09, 2013	133.91	134.13	134.32	133.67	5.09M	-0.18
Sep 06, 2013	134.15	133.42	134.40	133.33	8.45M	1.48
Sep 05, 2013	132.20	134.13	134.35	131.80	11.13M	-1.83
Sep 04, 2013	134.66	134.61	134.84	133.72	7.79M	-1.29
Sep 03, 2013	136.42	135.46	136.79	135.03	8.10M	1.34
Aug 30, 2013	134.62	134.65	135.71	134.44	7.69M	-0.92
Aug 29, 2013	135.87	136.12	136.55	135.42	7.94M	-0.61
Aug 28, 2013	136.71	137.21	137.46	136.66	13.65M	-0.03
Aug 27, 2013	136.75	136.94	137.55	136.52	11.28M	0.96
Aug 26, 2013	135.45	134.88	135.60	134.15	7.69M	0.41
Aug 23, 2013	134.90	132.58	135.24	132.50	11.62M	1.57
Aug 22, 2013	132.81	132.56	133.46	132.27	5.74M	0.56
Aug 21, 2013	132.07	131.74	133.23	131.51	10.73M	-0.29
Aug 20, 2013	132.45	132.03	133.13	132.02	7.81M	0.33
Aug 19, 2013	132.01	132.33	132.50	131.59	8.12M	-0.43
Aug 16, 2013	132.58	132.56	133.27	131.39	14.45M	0.68
Aug 15, 2013	131.69	128.06	132.36	127.98	17.23M	2.09
Aug 14, 2013	129.00	127.66	129.07	127.57	8.71M	0.99
Aug 13, 2013	127.74	128.49	128.65	127.38	7.34M	-1.08
Aug 12, 2013	129.13	129.57	129.71	128.88	7.42M	1.79
Aug 09, 2013	126.86	126.51	127.27	126.30	6.19M	0.00
Aug 08, 2013	126.86	124.78	126.99	124.77	8.66M	2.18
Aug 07, 2013	124.15	124.00	124.60	123.85	5.31M	0.15
Aug 06, 2013	123.97	124.33	124.55	123.55	6.02M	-1.38
Aug 05, 2013	125.70	126.51	126.64	125.34	4.01M	-0.52
Aug 02, 2013	126.36	126.74	127.25	126.32	6.47M	-0.20
Aug 01, 2013	126.61	127.84	127.89	126.33	10.56M	-1.06
Jul 31, 2013	127.96	127.76	128.92	126.13	16.02M	-0.12
Jul 30, 2013	128.12	127.95	128.31	127.22	4.49M	-0.27
Jul 29, 2013	128.47	128.45	128.78	128.25	3.56M	-0.24
Jul 26, 2013	128.78	128.11	128.97	126.78	6.15M	0.09
Jul 25, 2013	128.67	127.70	128.87	127.64	4.73M	0.93
Jul 24, 2013	127.48	129.17	129.40	126.87	9.98M	-1.72
Jul 23, 2013	129.71	128.70	130.14	128.35	8.83M	0.68
Jul 22, 2013	128.84	127.65	129.46	127.59	10.86M	2.98
Jul 19, 2013	125.11	124.89	125.42	124.65	5.77M	0.89
Jul 18, 2013	124.01	124.11	124.52	123.78	6.15M	0.56
Jul 17, 2013	123.32	125.04	125.70	122.73	10.89M	-1.26
Jul 16, 2013	124.89	124.76	125.21	124.33	5.58M	0.57
Jul 15, 2013	124.18	124.08	124.39	123.84	4.13M	0.04
Jul 12, 2013	124.13	123.52	124.30	123.32	6.58M	-0.09
Jul 11, 2013	124.24	124.26	124.36	123.47	11.28M	2.72
Jul 10, 2013	120.95	121.15	122.35	120.59	14.70M	0.27
Jul 09, 2013	120.62	120.84	121.51	120.05	8.20M	0.93
Jul 08, 2013	119.51	119.09	119.66	118.93	8.65M	1.20
Jul 05, 2013	118.09	118.08	118.18	116.74	11.59M	-2.19
Jul 03, 2013	120.74	120.70	121.77	120.54	6.75M	0.57
Jul 02, 2013	120.05	121.34	121.47	119.78	10.55M	-0.89
Jul 01, 2013	121.13	119.94	121.95	119.38	15.95M	1.70
Jun 28, 2013	119.11	115.22	119.33	114.68	32.99M	2.73
Jun 27, 2013	115.94	119.10	119.51	115.65	30.00M	-1.98
Jun 26, 2013	118.28	119.88	119.90	118.06	24.75M	-4.20
Jun 25, 2013	123.47	123.65	123.90	122.88	9.37M	-0.37
Jun 24, 2013	123.93	124.31	124.70	123.31	12.75M	-0.90
Jun 21, 2013	125.05	125.16	125.57	124.46	16.60M	1.17
Jun 20, 2013	123.60	125.22	126.38	123.33	28.87M	-5.35
Jun 19, 2013	130.59	132.58	133.15	130.38	13.02M	-1.17
Jun 18, 2013	132.13	132.72	132.96	131.53	7.38M	-1.23
Jun 17, 2013	133.77	133.89	134.06	133.52	4.08M	-0.49
Jun 14, 2013	134.43	134.00	134.60	133.88	4.28M	0.52
Jun 13, 2013	133.74	133.31	134.20	132.82	7.16M	-0.38
Jun 12, 2013	134.25	132.95	134.83	132.83	6.55M	0.75
Jun 11, 2013	133.25	132.31	133.51	132.25	7.20M	-0.52
Jun 10, 2013	133.94	133.30	134.28	132.99	6.14M	0.50
Jun 07, 2013	133.28	134.11	134.62	133.18	11.06M	-2.38
Jun 06, 2013	136.53	135.39	137.62	134.98	9.85M	0.75
Jun 05, 2013	135.52	135.47	136.37	135.01	7.44M	0.21
Jun 04, 2013	135.23	135.21	135.44	134.27	5.51M	-0.94
Jun 03, 2013	136.51	134.77	136.98	134.43	9.18M	1.93
May 31, 2013	133.92	135.71	136.05	133.89	9.73M	-2.03
May 30, 2013	136.70	136.67	137.11	136.26	8.61M	1.39
May 29, 2013	134.83	134.09	134.91	133.64	8.77M	1.00
May 28, 2013	133.49	133.68	135.57	132.80	12.47M	-0.20
May 24, 2013	133.76	134.11	134.51	133.64	5.52M	-0.63
May 23, 2013	134.61	134.51	134.84	133.12	10.27M	2.02
May 22, 2013	131.94	134.18	136.77	130.95	25.98M	-0.71
May 21, 2013	132.88	132.17	133.65	131.45	14.54M	-1.66
May 20, 2013	135.12	130.88	135.32	130.85	21.59M	3.09
May 17, 2013	131.07	133.17	133.48	131.02	20.35M	-2.25
May 16, 2013	134.09	133.18	134.48	133.00	12.76M	-0.40
May 15, 2013	134.63	136.59	136.98	134.23	19.07M	-2.31
May 14, 2013	137.81	137.95	139.16	137.64	9.90M	-0.45
May 13, 2013	138.43	138.46	138.97	138.16	6.72M	-0.84
May 10, 2013	139.60	138.22	139.75	137.26	14.66M	-0.86
May 09, 2013	140.81	141.33	142.36	140.51	8.27M	-1.16
May 08, 2013	142.46	141.78	142.81	141.49	11.16M	1.48
May 07, 2013	140.38	140.38	140.64	139.37	13.63M	-1.25
May 06, 2013	142.15	142.33	142.47	141.63	7.73M	0.04
May 03, 2013	142.09	141.70	142.71	141.40	11.67M	0.12
May 02, 2013	141.92	142.00	142.47	141.64	11.50M	0.57
May 01, 2013	141.11	140.59	141.55	139.30	13.94M	-1.16
Apr 30, 2013	142.77	142.27	142.83	141.55	11.29M	0.33
Apr 29, 2013	142.30	142.14	142.66	141.49	11.01M	0.99
Apr 26, 2013	140.91	142.30	143.43	140.04	19.31M	-0.51
Apr 25, 2013	141.63	140.00	142.08	139.78	18.90M	2.36
Apr 24, 2013	138.37	138.09	138.55	137.45	10.37M	1.09
Apr 23, 2013	136.88	137.22	137.24	135.85	14.65M	-0.74
Apr 22, 2013	137.90	138.15	138.27	137.22	16.57M	1.79
Apr 19, 2013	135.47	136.00	136.02	134.60	15.67M	0.87
Apr 18, 2013	134.30	134.12	135.31	133.62	20.04M	1.08
Apr 17, 2013	132.87	133.81	134.95	132.32	25.44M	0.05
Apr 16, 2013	132.80	134.90	135.11	131.76	45.65M	1.13
Apr 15, 2013	131.31	136.00	136.75	130.51	93.80M	-8.78
Apr 12, 2013	143.95	148.65	148.85	143.43	55.60M	-4.70
Apr 11, 2013	151.05	150.76	151.71	150.63	8.06M	0.20
Apr 10, 2013	150.75	152.67	152.71	150.58	18.52M	-1.69
Apr 09, 2013	153.34	152.32	153.85	152.28	7.05M	0.78
Apr 08, 2013	152.16	152.39	152.59	151.60	6.25M	-0.43
Apr 05, 2013	152.81	151.54	152.96	151.07	14.49M	1.68
Apr 04, 2013	150.29	149.65	150.60	149.44	12.43M	-0.29
Apr 03, 2013	150.73	152.02	152.53	149.92	15.74M	-1.12
Apr 02, 2013	152.43	153.09	153.31	152.26	9.40M	-1.45
Apr 01, 2013	154.67	154.57	154.93	154.30	4.29M	0.13
Mar 28, 2013	154.47	154.50	154.80	154.22	6.85M	-0.57
Mar 27, 2013	155.36	154.67	155.62	154.51	6.72M	0.41
Mar 26, 2013	154.72	154.47	154.91	154.28	7.39M	-0.33
Mar 25, 2013	155.24	154.71	155.57	154.36	6.82M	-0.20
Mar 22, 2013	155.55	155.45	155.99	155.42	4.75M	-0.45
Mar 21, 2013	156.25	156.17	156.43	155.88	4.99M	0.57
Mar 20, 2013	155.37	155.53	155.83	154.88	8.22M	-0.45
Mar 19, 2013	156.08	155.22	156.34	155.10	11.03M	0.45
Mar 18, 2013	155.38	155.70	155.93	155.00	9.30M	0.90
Mar 15, 2013	154.00	154.12	154.72	153.97	5.70M	0.21
Mar 14, 2013	153.68	153.02	154.17	153.01	11.42M	0.01
Mar 13, 2013	153.66	154.26	154.60	153.42	7.44M	-0.34
Mar 12, 2013	154.19	154.07	154.69	153.90	7.27M	0.78
Mar 11, 2013	152.99	152.82	153.06	152.65	4.81M	0.18
Mar 08, 2013	152.71	151.61	153.29	151.40	11.86M	0.01
Mar 07, 2013	152.69	153.02	153.21	152.40	6.59M	-0.35
Mar 06, 2013	153.23	152.17	153.38	151.65	10.86M	0.56
Mar 05, 2013	152.38	153.10	153.39	152.11	10.81M	0.05
Mar 04, 2013	152.30	152.45	152.74	151.87	6.64M	-0.09
Mar 01, 2013	152.44	153.16	153.61	152.14	11.18M	-0.37
Feb 28, 2013	153.00	154.09	154.16	152.39	14.87M	-1.02
Feb 27, 2013	154.57	155.46	155.60	154.08	9.60M	-1.06
Feb 26, 2013	156.22	154.39	156.80	153.32	18.18M	1.22
Feb 25, 2013	154.34	153.52	154.56	153.31	9.49M	0.90
Feb 22, 2013	152.97	152.26	152.99	151.93	10.09M	0.23
Feb 21, 2013	152.62	152.00	153.41	151.90	17.97M	0.78
Feb 20, 2013	151.44	153.90	153.93	150.84	30.92M	-2.50
Feb 19, 2013	155.33	155.80	155.84	154.93	11.81M	-0.28
Feb 15, 2013	155.76	156.42	156.58	154.56	23.37M	-1.64
Feb 14, 2013	158.35	159.31	159.65	158.04	12.42M	-0.44
Feb 13, 2013	159.05	159.60	159.64	158.77	8.96M	-0.53
Feb 12, 2013	159.89	159.35	160.05	158.88	7.63M	0.12
Feb 11, 2013	159.70	159.78	159.98	159.25	12.15M	-1.16
Feb 08, 2013	161.57	161.46	162.02	161.20	6.09M	-0.17
Feb 07, 2013	161.84	161.24	162.96	161.13	12.83M	-0.34
Feb 06, 2013	162.39	162.13	162.63	161.99	6.15M	0.27
Feb 05, 2013	161.96	162.75	162.79	161.33	8.98M	-0.02
Feb 04, 2013	162.00	161.19	162.42	161.15	7.36M	0.34
Feb 01, 2013	161.45	162.66	162.77	160.87	12.90M	0.16
Jan 31, 2013	161.20	161.62	161.81	160.47	9.34M	-0.61
Jan 30, 2013	162.19	162.68	163.04	162.03	12.02M	0.75
Jan 29, 2013	160.99	161.01	161.31	160.69	7.37M	0.44
Jan 28, 2013	160.29	160.24	160.73	160.02	8.50M	-0.22
Jan 25, 2013	160.65	160.56	161.04	160.31	9.04M	-0.48
Jan 24, 2013	161.42	161.98	162.27	161.18	13.19M	-1.10
Jan 23, 2013	163.21	163.92	163.95	163.00	6.70M	-0.28
Jan 22, 2013	163.67	163.48	164.22	163.37	8.59M	0.36
Jan 18, 2013	163.09	163.95	163.97	163.02	10.04M	-0.16
Jan 17, 2013	163.35	161.94	164.40	161.83	14.91M	0.43
Jan 16, 2013	162.65	162.42	163.03	162.15	9.22M	0.06
Jan 15, 2013	162.56	162.80	163.17	162.35	10.09M	0.63
Jan 14, 2013	161.54	161.88	161.97	161.13	7.29M	0.30
Jan 11, 2013	161.06	161.86	161.90	160.11	13.68M	-0.57
Jan 10, 2013	161.98	161.61	162.56	161.61	11.43M	0.93
Jan 09, 2013	160.49	160.77	160.83	159.91	8.34M	-0.04
Jan 08, 2013	160.56	160.46	160.99	160.01	7.70M	0.71
Jan 07, 2013	159.43	159.36	159.96	159.15	9.36M	-0.63
Jan 04, 2013	160.44	159.52	160.63	158.89	19.18M	-0.47
Jan 03, 2013	161.20	162.48	162.88	160.83	16.12M	-1.21
Jan 02, 2013	163.17	163.49	164.14	163.14	10.44M	0.71
Dec 31, 2012	162.02	160.90	162.75	160.77	11.79M	0.92
Dec 28, 2012	160.54	160.94	160.97	160.15	6.85M	-0.38
Dec 27, 2012	161.16	160.23	161.31	160.05	8.94M	0.24
Dec 26, 2012	160.78	161.36	161.49	160.64	4.97M	0.10
Dec 24, 2012	160.62	160.88	160.96	160.47	3.70M	0.18
Dec 21, 2012	160.33	159.82	160.76	159.78	13.45M	0.38
Dec 20, 2012	159.73	159.87	160.12	158.39	25.15M	-1.21
Dec 19, 2012	161.69	161.31	162.22	161.11	13.00M	-0.24
Dec 18, 2012	162.08	164.35	164.43	160.90	24.00M	-1.44
Dec 17, 2012	164.44	164.16	164.62	164.13	8.18M	0.19
Dec 14, 2012	164.13	164.17	164.48	164.02	5.35M	-0.15
Dec 13, 2012	164.37	163.87	164.90	163.78	9.33M	-0.84
Dec 12, 2012	165.77	166.20	166.94	165.36	14.17M	0.07
Dec 11, 2012	165.65	165.45	165.66	165.12	4.73M	-0.09
Dec 10, 2012	165.80	166.11	166.16	165.72	4.65M	0.39
Dec 07, 2012	165.16	164.88	165.22	164.60	7.29M	0.40
Dec 06, 2012	164.50	163.72	165.00	163.53	7.30M	0.23
Dec 05, 2012	164.12	164.22	164.50	163.20	10.65M	-0.18
Dec 04, 2012	164.42	164.06	164.83	163.87	10.21M	-1.03
Dec 03, 2012	166.13	166.11	166.92	166.04	6.36M	0.05
Nov 30, 2012	166.05	166.94	167.22	165.53	8.41M	-0.68
Nov 29, 2012	167.18	167.14	167.50	166.85	7.45M	0.38
Nov 28, 2012	166.55	165.43	166.84	165.38	12.88M	-1.28
Nov 27, 2012	168.71	169.14	169.40	168.62	7.32M	-0.42
Nov 26, 2012	169.43	169.56	169.73	169.25	5.38M	-0.11
Nov 23, 2012	169.61	167.97	170.01	167.80	6.11M	1.22
Nov 21, 2012	167.56	167.19	167.82	166.97	3.81M	0.10
Nov 20, 2012	167.39	167.75	168.02	166.84	5.50M	-0.29
Nov 19, 2012	167.87	167.75	168.16	167.38	6.77M	1.20
Nov 16, 2012	165.88	165.74	166.36	165.47	6.94M	-0.13
Nov 15, 2012	166.09	167.00	167.06	165.18	10.02M	-0.63
Nov 14, 2012	167.14	167.46	168.04	166.78	8.51M	0.02
Nov 13, 2012	167.10	166.66	167.94	166.63	6.47M	-0.21
Nov 12, 2012	167.45	168.10	168.28	167.21	5.65M	-0.22
Nov 09, 2012	167.82	168.21	168.54	167.55	7.36M	-0.10
Nov 08, 2012	167.99	166.14	168.16	166.12	8.83M	0.90
Nov 07, 2012	166.49	166.87	167.13	165.04	13.20M	0.11
Nov 06, 2012	166.30	163.91	166.77	163.61	16.05M	1.88
Nov 05, 2012	163.23	163.12	163.42	162.81	6.16M	0.39
Nov 02, 2012	162.60	164.45	164.47	162.30	14.76M	-2.09
Nov 01, 2012	166.07	167.02	167.04	166.04	6.02M	-0.46
Oct 31, 2012	166.83	166.47	167.28	166.38	4.68M	0.54
Oct 26, 2012	165.93	166.23	166.60	165.77	6.44M	-0.05
Oct 25, 2012	166.02	166.29	166.53	165.77	7.02M	0.70
Oct 24, 2012	164.86	165.78	165.83	164.60	10.79M	-0.34
Oct 23, 2012	165.43	166.04	166.06	165.12	11.89M	-1.28
Oct 22, 2012	167.58	167.08	167.63	167.03	6.37M	0.37
Oct 19, 2012	166.97	168.42	168.45	166.23	13.86M	-1.08
Oct 18, 2012	168.79	168.80	169.31	168.59	6.61M	-0.44
Oct 17, 2012	169.54	169.21	169.95	168.92	5.20M	0.07
Oct 16, 2012	169.42	168.87	169.45	168.67	6.21M	0.64
Oct 15, 2012	168.35	169.01	169.10	167.53	10.71M	-1.01
Oct 12, 2012	170.06	171.15	171.41	169.81	8.27M	-0.74
Oct 11, 2012	171.32	171.30	171.95	171.13	5.72M	0.28
Oct 10, 2012	170.84	170.54	171.34	170.30	7.37M	-0.09
Oct 09, 2012	170.99	171.86	172.17	170.56	7.76M	-0.62
Oct 08, 2012	172.05	171.75	172.28	171.68	3.75M	-0.33
Oct 05, 2012	172.62	172.87	173.37	172.01	8.87M	-0.57
Oct 04, 2012	173.61	173.20	174.07	172.92	10.38M	0.70
Oct 03, 2012	172.41	172.51	172.61	171.89	5.65M	0.18
Oct 02, 2012	172.10	172.47	172.70	171.59	7.06M	-0.11
Oct 01, 2012	172.29	172.83	173.62	171.77	10.68M	0.23
Sep 28, 2012	171.89	172.03	172.48	171.34	9.68M	-0.26
Sep 27, 2012	172.34	171.02	172.60	170.76	10.54M	1.49
Sep 26, 2012	169.81	169.46	170.05	168.34	12.07M	-0.56
Sep 25, 2012	170.77	171.76	172.11	170.50	10.37M	-0.16
Sep 24, 2012	171.05	170.63	171.39	170.57	9.18M	-0.53
Sep 21, 2012	171.96	172.93	173.19	171.54	13.36M	0.29
Sep 20, 2012	171.47	171.03	171.69	170.23	8.71M	-0.16
Sep 19, 2012	171.74	171.88	172.03	171.19	9.13M	0.01
Sep 18, 2012	171.72	170.81	171.95	170.67	12.49M	0.77
Sep 17, 2012	170.40	171.77	171.96	170.06	11.28M	-0.81
Sep 14, 2012	171.80	171.89	172.23	171.31	16.85M	0.29
Sep 13, 2012	171.31	167.87	171.91	166.30	28.34M	2.02
Sep 12, 2012	167.92	168.84	168.87	167.25	9.95M	0.01
Sep 11, 2012	167.90	168.22	168.53	167.79	7.52M	0.36
Sep 10, 2012	167.29	167.84	168.14	167.22	7.77M	-0.68
Sep 07, 2012	168.44	167.77	169.00	167.37	19.14M	2.15
Sep 06, 2012	164.89	165.16	165.78	164.80	12.97M	0.35
Sep 05, 2012	164.31	164.12	164.39	163.81	8.40M	-0.10
Sep 04, 2012	164.48	164.11	164.77	163.66	12.04M	0.16
Aug 31, 2012	164.22	161.14	164.22	159.56	18.03M	2.31
Aug 30, 2012	160.52	161.26	161.31	160.01	5.81M	-0.04
Aug 29, 2012	160.59	161.60	161.68	160.18	9.29M	-0.65
Aug 28, 2012	161.64	161.63	162.19	161.30	5.08M	0.17
Aug 27, 2012	161.36	161.77	162.29	161.34	5.38M	-0.38
Aug 24, 2012	161.97	161.87	162.35	161.33	8.50M	0.05
Aug 23, 2012	161.89	161.41	162.45	161.23	17.24M	0.84
Aug 22, 2012	160.54	159.19	160.63	158.51	13.61M	1.08
Aug 21, 2012	158.83	158.81	159.20	158.69	11.84M	1.00
Aug 20, 2012	157.26	156.52	157.40	156.47	7.85M	0.34
Aug 17, 2012	156.72	157.06	157.07	156.22	7.81M	0.10
Aug 16, 2012	156.56	155.85	157.09	155.50	8.84M	0.60
Aug 15, 2012	155.63	155.32	155.82	155.27	4.99M	0.32
Aug 14, 2012	155.13	155.06	155.58	154.83	5.08M	-0.55
Aug 13, 2012	155.99	157.05	157.45	155.90	4.57M	-0.76
Aug 10, 2012	157.18	156.90	157.82	156.65	4.61M	0.12
Aug 09, 2012	156.99	156.36	157.00	156.28	3.18M	0.33
Aug 08, 2012	156.48	156.49	156.86	156.26	3.62M	0.13
Aug 07, 2012	156.28	156.37	156.63	156.01	5.93M	-0.01
Aug 06, 2012	156.30	155.92	156.73	155.74	4.61M	0.48
Aug 03, 2012	155.55	154.65	155.89	154.42	10.67M	0.92
Aug 02, 2012	154.13	154.66	155.14	153.61	11.54M	-0.65
Aug 01, 2012	155.14	155.18	155.79	154.41	12.72M	-0.86
Jul 31, 2012	156.49	157.60	157.72	156.26	10.92M	-0.60
Jul 30, 2012	157.43	156.84	157.66	154.81	7.21M	-0.07
Jul 27, 2012	157.54	157.64	157.96	156.66	9.77M	0.49
Jul 26, 2012	156.77	156.70	157.26	156.05	7.34M	0.71
Jul 25, 2012	155.67	155.33	156.29	155.05	9.36M	1.40
Jul 24, 2012	153.52	153.63	153.80	152.20	6.54M	0.32
Jul 23, 2012	153.03	152.50	153.33	152.29	5.26M	-0.42
Jul 20, 2012	153.67	152.97	154.00	152.75	8.58M	0.19
Jul 19, 2012	153.38	153.73	154.32	152.93	6.07M	0.22
Jul 18, 2012	153.05	152.67	153.60	152.40	6.81M	-0.27
Jul 17, 2012	153.47	154.01	154.50	152.45	13.03M	-0.48
Jul 16, 2012	154.21	154.43	154.75	153.98	5.71M	0.05
Jul 13, 2012	154.14	153.45	154.94	153.44	5.08M	1.02
Jul 12, 2012	152.59	151.26	153.07	150.85	11.40M	-0.26
Jul 11, 2012	152.99	152.58	153.45	152.02	6.84M	0.55
Jul 10, 2012	152.15	155.13	155.18	151.78	9.75M	-1.23
Jul 09, 2012	154.04	153.61	154.58	153.43	4.47M	0.21
Jul 06, 2012	153.71	154.23	154.49	152.95	7.05M	-1.27
Jul 05, 2012	155.68	155.44	156.40	154.45	5.36M	-1.13
Jul 03, 2012	157.46	156.97	157.72	156.77	5.04M	1.53
Jul 02, 2012	155.09	154.67	155.55	154.34	3.66M	-0.06
Jun 29, 2012	155.19	155.13	155.95	154.52	10.38M	2.74
Jun 28, 2012	151.05	151.90	152.16	150.15	8.76M	-1.16
Jun 27, 2012	152.83	153.30	153.45	152.15	4.84M	0.14
Jun 26, 2012	152.62	153.03	153.30	152.13	6.12M	-0.74
Jun 25, 2012	153.76	152.58	154.16	152.25	6.19M	0.73
Jun 22, 2012	152.64	152.04	152.70	151.21	6.76M	0.41
Jun 21, 2012	152.01	153.73	154.23	151.80	14.45M	-2.54
Jun 20, 2012	155.97	156.00	157.37	154.26	16.98M	-0.76
Jun 19, 2012	157.16	158.00	158.14	156.97	6.95M	-0.49
Jun 18, 2012	157.93	157.46	158.21	156.54	6.73M	0.06
Jun 15, 2012	157.84	157.75	158.46	157.42	13.10M	0.06
Jun 14, 2012	157.75	157.64	157.94	156.24	11.51M	0.40
Jun 13, 2012	157.12	157.61	157.65	156.42	10.11M	0.42
Jun 12, 2012	156.46	155.49	157.04	155.45	13.25M	0.71
Jun 11, 2012	155.36	154.83	155.40	153.55	9.17M	0.41
Jun 08, 2012	154.73	153.02	154.83	153.00	11.08M	0.15
Jun 07, 2012	154.50	157.82	157.84	153.19	18.93M	-1.72
Jun 06, 2012	157.21	158.90	159.20	156.59	15.77M	0.04
Jun 05, 2012	157.14	156.92	157.27	156.42	8.10M	-0.11
Jun 04, 2012	157.32	157.26	157.44	156.16	11.46M	-0.11
Jun 01, 2012	157.50	155.41	158.31	154.87	27.41M	3.88
May 31, 2012	151.62	152.03	152.71	150.62	10.12M	-0.19
May 30, 2012	151.91	149.74	152.38	148.53	16.77M	0.59
May 29, 2012	151.02	153.47	153.62	150.25	11.25M	-1.09
May 25, 2012	152.68	151.89	152.85	151.63	6.21M	0.84
May 24, 2012	151.41	152.71	152.91	150.62	9.70M	-0.14
May 23, 2012	151.62	151.50	151.84	148.84	18.85M	-0.30
May 22, 2012	152.08	153.59	154.42	151.55	11.31M	-1.66
May 21, 2012	154.65	154.11	154.95	153.86	7.54M	0.06
May 18, 2012	154.55	154.46	155.13	153.97	13.00M	1.15
May 17, 2012	152.80	150.83	153.40	150.38	18.09M	2.23
May 16, 2012	149.46	149.48	150.70	148.60	16.76M	-0.19
May 15, 2012	149.74	151.16	151.44	149.63	13.36M	-1.05
May 14, 2012	151.33	151.58	152.03	151.00	13.39M	-1.45
May 11, 2012	153.56	153.44	154.47	153.24	8.29M	-0.78
May 10, 2012	154.77	155.16	155.57	154.64	7.46M	0.19
May 09, 2012	154.47	154.10	154.98	153.60	13.87M	-0.98
May 08, 2012	156.00	156.61	156.73	154.92	17.86M	-1.94
May 07, 2012	159.08	159.31	159.34	158.45	4.93M	-0.24
May 04, 2012	159.47	158.82	159.98	158.57	11.39M	0.31
May 03, 2012	158.97	159.16	159.48	158.37	13.18M	-1.01
May 02, 2012	160.59	160.74	160.78	159.76	5.64M	-0.45
May 01, 2012	161.32	162.09	162.18	160.89	7.42M	-0.35
Apr 30, 2012	161.88	160.49	161.88	160.31	8.01M	0.31
Apr 27, 2012	161.38	161.78	161.97	161.15	8.38M	0.22
Apr 26, 2012	161.03	160.46	161.38	160.10	10.92M	0.88
Apr 25, 2012	159.62	159.48	159.96	157.76	15.10M	0.20
Apr 24, 2012	159.30	159.63	160.18	159.29	5.20M	0.14
Apr 23, 2012	159.07	158.20	159.18	157.88	8.88M	-0.29
Apr 20, 2012	159.54	159.25	159.91	159.20	9.15M	0.07
Apr 19, 2012	159.43	160.00	160.64	159.02	9.92M	0.08
Apr 18, 2012	159.31	159.49	160.12	159.07	7.47M	-0.60
Apr 17, 2012	160.27	160.54	160.96	158.75	7.59M	-0.12
Apr 16, 2012	160.46	160.51	161.18	159.53	6.67M	-0.24
Apr 13, 2012	160.85	162.45	162.46	160.17	10.04M	-1.14
Apr 12, 2012	162.70	160.74	163.20	160.46	9.23M	1.02
Apr 11, 2012	161.06	161.20	161.54	160.74	10.01M	-0.02
Apr 10, 2012	161.10	159.66	161.58	158.47	14.29M	1.09
Apr 09, 2012	159.37	159.72	160.01	158.91	8.25M	0.67
Apr 05, 2012	158.31	157.87	158.68	157.78	8.97M	0.70
Apr 04, 2012	157.21	157.70	158.03	156.58	15.98M	-1.68
Apr 03, 2012	159.89	163.23	163.23	159.17	16.83M	-1.87
Apr 02, 2012	162.94	161.96	163.56	161.81	7.55M	0.51
Mar 30, 2012	162.12	161.67	162.33	161.22	7.53M	0.52
Mar 29, 2012	161.28	161.14	161.46	159.81	11.03M	-0.14
Mar 28, 2012	161.51	162.71	162.98	160.66	11.02M	-1.06
Mar 27, 2012	163.24	164.52	164.89	163.13	10.92M	-0.71
Mar 26, 2012	164.40	163.17	164.54	162.95	13.23M	1.78
Mar 23, 2012	161.53	160.88	161.88	160.52	10.69M	1.23
Mar 22, 2012	159.57	158.20	159.71	158.13	11.11M	-0.40
Mar 21, 2012	160.21	160.63	161.48	160.15	6.68M	0.05
Mar 20, 2012	160.13	160.20	161.08	159.77	11.65M	-0.90
Mar 19, 2012	161.59	160.85	162.30	160.72	9.92M	0.18
Mar 16, 2012	161.30	160.08	161.54	159.92	12.55M	0.14
Mar 15, 2012	161.08	159.73	161.98	159.28	12.69M	0.95
Mar 14, 2012	159.57	159.61	160.58	158.80	28.83M	-1.68
Mar 13, 2012	162.30	163.94	165.41	161.43	20.05M	-1.68
Mar 12, 2012	165.07	165.33	165.58	164.40	6.53M	-0.79
Mar 09, 2012	166.38	163.64	166.57	163.25	13.70M	0.67
Mar 08, 2012	165.28	164.74	165.55	164.05	8.86M	1.01
Mar 07, 2012	163.63	162.76	164.02	162.51	9.56M	0.57
Mar 06, 2012	162.70	162.15	162.81	161.78	15.54M	-1.78
Mar 05, 2012	165.65	165.77	165.91	164.55	12.08M	-0.41
Mar 02, 2012	166.34	166.23	166.83	165.63	9.30M	-0.16
Mar 01, 2012	166.61	166.10	167.72	165.75	19.21M	1.41
Feb 29, 2012	164.29	173.19	173.59	164.00	44.15M	-5.30
Feb 28, 2012	173.49	172.84	174.00	172.60	12.42M	1.04
Feb 27, 2012	171.70	172.14	172.92	171.58	7.35M	-0.31
Feb 24, 2012	172.23	172.63	173.04	172.00	9.30M	-0.46
Feb 23, 2012	173.02	172.69	173.77	172.28	11.65M	0.05
Feb 22, 2012	172.94	170.40	173.17	170.19	16.68M	1.12
Feb 21, 2012	171.02	169.65	171.07	169.59	13.61M	2.19
Feb 17, 2012	167.35	168.29	168.33	166.87	7.29M	-0.39
Feb 16, 2012	168.00	166.33	168.14	166.17	10.73M	-0.07
Feb 15, 2012	168.11	168.63	168.75	167.19	11.64M	0.59
Feb 14, 2012	167.12	167.65	167.93	166.42	7.87M	-0.23
Feb 13, 2012	167.51	167.33	167.94	166.74	7.09M	0.22
Feb 10, 2012	167.14	166.49	167.64	166.33	10.33M	-0.52
Feb 09, 2012	168.02	170.01	170.37	167.67	16.09M	-0.28
Feb 08, 2012	168.50	169.26	169.96	167.50	10.66M	-0.71
Feb 07, 2012	169.70	167.38	170.09	167.15	11.62M	1.51
Feb 06, 2012	167.18	166.96	167.68	166.61	8.81M	-0.27
Feb 03, 2012	167.64	169.88	170.14	167.51	23.36M	-1.99
Feb 02, 2012	171.05	169.96	171.23	169.68	11.52M	0.88
Feb 01, 2012	169.56	169.75	170.18	169.08	7.73M	0.15
Jan 31, 2012	169.31	169.77	169.86	167.72	11.19M	0.76
Jan 30, 2012	168.03	168.19	168.54	167.74	8.44M	-0.56
Jan 27, 2012	168.97	167.44	169.00	167.41	13.03M	1.02
Jan 26, 2012	167.27	168.05	168.31	167.05	19.14M	0.51
Jan 25, 2012	166.42	161.07	166.55	160.29	28.96M	2.72
Jan 24, 2012	162.01	161.81	162.37	161.53	7.50M	-0.70
Jan 23, 2012	163.16	162.32	163.47	162.32	8.84M	0.67
Jan 20, 2012	162.07	160.50	162.09	160.00	11.62M	0.53
Jan 19, 2012	161.22	160.96	161.45	160.33	8.12M	-0.24
Jan 18, 2012	161.60	159.94	161.64	159.68	9.34M	0.69
Jan 17, 2012	160.50	161.17	161.65	160.42	8.31M	0.78
Jan 13, 2012	159.26	159.32	159.59	158.01	8.91M	-0.70
Jan 12, 2012	160.38	161.02	161.62	159.83	8.61M	0.44
Jan 11, 2012	159.67	159.34	160.05	158.91	7.97M	0.65
Jan 10, 2012	158.64	158.97	159.47	158.47	8.37M	1.37
Jan 09, 2012	156.50	157.36	157.59	156.19	8.77M	-0.45
Jan 06, 2012	157.20	158.59	158.63	156.38	9.79M	-0.37
Jan 05, 2012	157.78	155.37	158.03	155.25	11.62M	0.68
Jan 04, 2012	156.71	155.43	157.38	155.34	11.55M	0.51
Jan 03, 2012	155.92	154.76	156.30	154.55	13.39M	2.59
Dec 30, 2011	151.99	152.14	153.75	151.79	10.85M	1.10
Dec 29, 2011	150.34	149.09	150.72	148.27	19.81M	-0.46
Dec 28, 2011	151.03	154.05	154.26	150.66	16.44M	-2.50
Dec 27, 2011	154.91	155.08	155.55	154.54	4.92M	-0.90
Dec 23, 2011	156.31	156.35	156.49	155.82	3.57M	0.17
Dec 22, 2011	156.04	156.35	156.80	155.33	9.89M	-0.71
Dec 21, 2011	157.16	156.98	157.53	156.13	12.01M	0.11
Dec 20, 2011	156.98	156.82	157.43	156.58	9.14M	1.36
Dec 19, 2011	154.87	155.48	155.86	154.36	12.55M	-0.23
Dec 16, 2011	155.23	154.31	155.37	153.90	18.13M	1.90
Dec 15, 2011	152.33	154.74	154.95	151.71	21.52M	-0.37
Dec 14, 2011	152.89	156.79	157.34	152.05	42.33M	-3.51
Dec 13, 2011	158.45	161.86	163.19	157.76	25.04M	-2.19
Dec 12, 2011	161.99	162.35	162.41	161.14	15.34M	-2.65
Dec 09, 2011	166.40	166.43	167.34	166.12	8.35M	0.25
Dec 08, 2011	165.98	166.96	167.63	165.73	11.73M	-2.02
Dec 07, 2011	169.40	168.79	169.52	167.76	10.36M	0.73
Dec 06, 2011	168.18	166.31	168.57	165.53	10.39M	0.51
Dec 05, 2011	167.32	169.06	169.95	167.06	10.26M	-1.47
Dec 02, 2011	169.82	170.65	170.80	169.36	8.43M	0.11
Dec 01, 2011	169.63	169.85	170.57	168.59	11.61M	-0.29
Nov 30, 2011	170.13	169.70	170.30	169.06	11.82M	1.95
Nov 29, 2011	166.88	166.40	167.33	166.08	9.20M	0.15
Nov 28, 2011	166.63	166.93	167.14	165.98	12.01M	1.98
Nov 25, 2011	163.40	163.33	165.20	163.29	6.10M	-0.87
Nov 23, 2011	164.83	164.55	165.37	163.12	11.49M	-0.29
Nov 22, 2011	165.31	164.74	165.92	164.61	12.10M	1.11
Nov 21, 2011	163.50	166.61	166.71	162.07	22.04M	-2.46
Nov 18, 2011	167.62	167.23	168.69	166.60	14.17M	0.31
Nov 17, 2011	167.10	170.04	170.30	166.39	28.47M	-2.57
Nov 16, 2011	171.51	171.63	172.96	170.57	15.10M	-1.07
Nov 15, 2011	173.36	173.35	173.81	171.90	9.17M	0.09
Nov 14, 2011	173.20	173.74	173.86	172.59	5.89M	-0.44
Nov 11, 2011	173.96	172.10	174.05	172.07	8.73M	1.65
Nov 10, 2011	171.14	172.43	172.59	168.83	11.85M	-0.54
Nov 09, 2011	172.07	174.28	174.81	171.61	12.31M	-0.84
Nov 08, 2011	173.53	174.35	175.46	172.90	16.06M	-0.83
Nov 07, 2011	174.98	172.85	175.00	172.71	20.14M	2.42
Nov 04, 2011	170.85	171.03	171.34	170.16	11.06M	-0.51
Nov 03, 2011	171.72	171.17	172.04	169.90	17.61M	1.57
Nov 02, 2011	169.06	168.59	169.74	167.30	14.54M	1.00
Nov 01, 2011	167.38	164.03	167.41	163.61	15.34M	0.02
Oct 31, 2011	167.34	167.76	168.16	166.91	8.44M	-1.34
Oct 28, 2011	169.62	169.64	169.94	168.75	9.36M	0.04
Oct 27, 2011	169.55	167.59	170.29	166.65	15.80M	1.28
Oct 26, 2011	167.40	167.03	168.05	166.42	17.12M	1.09
Oct 25, 2011	165.59	161.24	166.34	160.41	22.13M	2.84
Oct 24, 2011	161.02	160.55	161.33	160.22	10.20M	0.94
Oct 21, 2011	159.52	159.99	160.45	158.94	13.34M	1.11
Oct 20, 2011	157.77	157.62	158.42	156.05	17.37M	-1.31
Oct 19, 2011	159.87	161.09	161.43	159.55	8.54M	-1.22
Oct 18, 2011	161.84	159.96	162.03	158.30	15.39M	-0.48
Oct 17, 2011	162.62	164.00	164.16	161.95	8.77M	-0.48
Oct 14, 2011	163.40	163.33	163.82	162.25	9.74M	0.68
Oct 13, 2011	162.30	162.30	162.48	160.82	8.33M	-0.59
Oct 12, 2011	163.26	163.70	164.00	162.50	10.88M	0.72
Oct 11, 2011	162.10	162.21	162.51	161.21	8.26M	-0.72
Oct 10, 2011	163.27	162.05	163.32	161.14	8.98M	2.57
Oct 07, 2011	159.18	161.02	161.58	158.23	12.98M	-0.82
Oct 06, 2011	160.49	160.02	161.11	158.77	12.40M	0.65
Oct 05, 2011	159.46	158.01	160.32	156.44	15.14M	1.15
Oct 04, 2011	157.64	160.95	161.03	155.27	24.05M	-2.06
Oct 03, 2011	160.96	161.09	161.56	159.93	14.20M	1.83
Sep 30, 2011	158.06	157.30	160.00	156.33	16.77M	0.23
Sep 29, 2011	157.70	158.12	158.20	156.14	17.34M	0.95
Sep 28, 2011	156.22	160.73	161.29	155.56	21.78M	-2.75
Sep 27, 2011	160.63	161.61	162.29	159.91	25.12M	1.94
Sep 26, 2011	157.58	157.12	158.80	154.19	42.37M	-1.39
Sep 23, 2011	159.80	164.51	165.72	158.55	52.99M	-5.47
Sep 22, 2011	169.05	169.30	170.32	167.48	32.48M	-2.62
Sep 21, 2011	173.59	174.79	176.73	173.14	16.43M	-1.25
Sep 20, 2011	175.78	173.18	176.37	172.84	12.68M	1.43
Sep 19, 2011	173.31	176.83	176.86	172.20	18.30M	-1.55
Sep 16, 2011	176.03	173.72	177.40	173.71	20.70M	0.93
Sep 15, 2011	174.40	174.61	174.85	172.56	20.90M	-1.59
Sep 14, 2011	177.21	177.55	177.78	176.05	18.12M	-0.74
Sep 13, 2011	178.54	177.52	179.54	176.29	17.25M	1.06
Sep 12, 2011	176.67	178.73	178.99	175.33	21.81M	-2.23
Sep 09, 2011	180.70	179.76	181.95	179.17	25.43M	-0.61
Sep 08, 2011	181.81	181.39	182.12	179.77	20.74M	2.67
Sep 07, 2011	177.08	176.19	178.09	174.45	30.76M	-3.18
Sep 06, 2011	182.90	184.58	185.85	181.31	30.28M	-0.19
Sep 02, 2011	183.24	182.82	183.51	182.10	19.92M	3.02
Sep 01, 2011	177.87	177.44	178.26	176.55	13.90M	0.08
Aug 31, 2011	177.72	177.73	179.16	176.33	16.06M	-0.77
Aug 30, 2011	179.10	177.70	179.31	176.66	23.44M	3.00
Aug 29, 2011	173.89	175.95	176.01	172.88	25.27M	-2.02
Aug 26, 2011	177.47	173.57	177.55	171.75	38.67M	2.96
Aug 25, 2011	172.36	167.00	172.81	165.88	43.27M	0.41
Aug 24, 2011	171.65	177.90	178.31	170.31	70.70M	-3.39
Aug 23, 2011	177.67	182.24	183.82	177.50	55.27M	-3.75
Aug 22, 2011	184.59	181.95	184.82	181.60	27.48M	2.58
Aug 19, 2011	179.95	181.64	181.67	178.91	34.41M	1.25
Aug 18, 2011	177.72	177.15	178.10	176.41	25.51M	1.89
Aug 17, 2011	174.42	173.87	174.68	173.25	16.48M	0.29
Aug 16, 2011	173.92	172.60	174.07	172.50	19.66M	1.23
Aug 15, 2011	171.80	169.32	171.91	168.95	17.81M	1.08
Aug 12, 2011	169.97	169.57	170.06	167.77	29.23M	-0.46
Aug 11, 2011	170.75	172.28	172.34	168.65	49.89M	-2.19
Aug 10, 2011	174.58	172.46	175.13	171.62	44.80M	3.54
Aug 09, 2011	168.61	169.93	173.15	167.48	55.77M	0.89
Aug 08, 2011	167.12	165.48	167.61	164.76	43.00M	3.32
Aug 05, 2011	161.75	161.64	162.37	160.48	24.56M	0.69
Aug 04, 2011	160.64	163.61	163.87	159.68	40.38M	-0.53
Aug 03, 2011	161.49	162.36	162.86	161.34	27.82M	-0.02
Aug 02, 2011	161.52	159.33	161.62	158.97	24.28M	2.41
Aug 01, 2011	157.72	157.47	158.97	156.78	14.83M	-0.36
Jul 29, 2011	158.29	158.43	159.25	157.68	17.13M	0.62
Jul 28, 2011	157.32	157.54	157.60	156.11	11.37M	0.08
Jul 27, 2011	157.19	158.47	158.64	156.69	18.30M	-0.37
Jul 26, 2011	157.77	156.97	157.79	156.60	11.74M	0.27
Jul 25, 2011	157.34	157.60	157.80	156.72	13.04M	0.78
Jul 22, 2011	156.12	156.00	156.56	155.68	11.38M	0.83
Jul 21, 2011	154.83	155.91	156.04	154.33	18.42M	-0.76
Jul 20, 2011	156.02	154.22	156.02	154.11	14.57M	0.88
Jul 19, 2011	154.66	156.32	156.32	154.10	22.88M	-1.22
Jul 18, 2011	156.57	155.76	156.58	155.67	17.13M	0.88
Jul 15, 2011	155.20	154.34	155.29	154.22	18.45M	0.43
Jul 14, 2011	154.54	154.81	155.24	153.95	17.62M	0.26
Jul 13, 2011	154.14	153.76	154.71	153.58	26.35M	0.90
Jul 12, 2011	152.77	151.24	153.32	150.77	24.04M	0.78
Jul 11, 2011	151.59	151.33	151.69	150.20	20.45M	0.89
Jul 08, 2011	150.25	150.32	150.50	149.99	13.66M	0.74
Jul 07, 2011	149.15	148.97	149.35	148.29	9.52M	0.16
Jul 06, 2011	148.91	148.70	149.44	148.58	14.51M	0.87
Jul 05, 2011	147.63	146.96	147.82	146.85	11.28M	1.86
Jul 01, 2011	144.93	144.76	145.07	143.97	16.37M	-0.73
Jun 30, 2011	146.00	147.18	147.41	145.98	12.67M	-0.80
Jun 29, 2011	147.18	146.77	147.42	146.44	12.63M	0.64
Jun 28, 2011	146.24	146.16	146.77	145.67	8.81M	0.35
Jun 27, 2011	145.73	145.93	146.40	145.20	11.60M	-0.36
Jun 24, 2011	146.26	147.86	148.02	145.97	19.30M	-1.40
Jun 23, 2011	148.34	148.67	148.84	147.26	24.87M	-1.76
Jun 22, 2011	150.99	151.01	151.86	150.56	14.12M	0.15
Jun 21, 2011	150.76	150.26	150.87	150.18	12.45M	0.49
Jun 20, 2011	150.03	150.08	150.79	149.58	10.46M	0.06
Jun 17, 2011	149.94	148.87	150.29	148.83	19.21M	0.65
Jun 16, 2011	148.97	148.83	149.49	148.22	11.03M	-0.10
Jun 15, 2011	149.12	148.16	149.55	147.92	14.55M	0.30
Jun 14, 2011	148.67	147.70	148.73	147.48	10.94M	0.61
Jun 13, 2011	147.77	148.66	149.04	147.19	13.00M	-0.98
Jun 10, 2011	149.24	149.04	149.78	148.69	12.35M	-0.88
Jun 09, 2011	150.56	150.01	151.02	149.75	7.65M	0.50
Jun 08, 2011	149.81	150.02	150.38	149.30	9.61M	-0.41
Jun 07, 2011	150.42	150.67	150.85	149.68	10.15M	-0.04
Jun 06, 2011	150.48	150.82	151.45	150.21	11.48M	0.17
Jun 03, 2011	150.22	150.28	150.66	149.62	12.61M	0.48
Jun 02, 2011	149.50	150.15	150.38	148.07	13.55M	-0.27
Jun 01, 2011	149.91	149.66	151.13	149.43	18.37M	0.18
May 31, 2011	149.64	149.88	150.16	149.41	10.50M	-0.04
May 27, 2011	149.70	149.02	149.92	148.96	10.19M	1.00
May 26, 2011	148.22	148.45	148.61	147.59	9.79M	-0.24
May 25, 2011	148.58	148.72	149.37	148.52	10.97M	-0.01
May 24, 2011	148.59	148.48	149.05	148.18	14.95M	0.51
May 23, 2011	147.83	147.04	147.95	146.97	15.95M	0.23
May 20, 2011	147.49	145.82	147.78	144.90	23.19M	1.26
May 19, 2011	145.65	145.12	145.85	144.86	8.10M	0.03
May 18, 2011	145.60	145.55	146.22	145.14	10.51M	0.59
May 17, 2011	144.74	144.23	144.78	143.42	17.20M	-0.43
May 16, 2011	145.37	145.88	146.67	145.19	10.07M	-0.18
May 13, 2011	145.63	146.72	147.28	144.49	17.27M	-0.65
May 12, 2011	146.59	145.88	147.12	144.96	18.73M	0.03
May 11, 2011	146.54	147.24	147.35	145.77	21.39M	-0.92
May 10, 2011	147.90	147.19	148.19	146.93	11.29M	0.35
May 09, 2011	147.38	146.67	147.58	146.34	13.85M	1.43
May 06, 2011	145.30	145.24	146.09	144.40	24.19M	1.28
May 05, 2011	143.47	146.82	147.58	142.55	51.28M	-2.88
May 04, 2011	147.73	149.86	150.34	146.76	35.11M	-1.43
May 03, 2011	149.88	150.43	150.97	148.85	24.22M	-0.35
May 02, 2011	150.41	151.46	153.61	150.36	24.09M	-1.29
Apr 29, 2011	152.37	149.90	153.03	149.75	27.60M	1.70
Apr 28, 2011	149.82	149.30	150.00	148.60	20.76M	0.42
Apr 27, 2011	149.20	147.38	149.21	146.52	21.95M	1.93
Apr 26, 2011	146.38	146.47	146.62	145.48	16.24M	-0.33
Apr 25, 2011	146.87	147.57	147.58	146.42	15.60M	0.09
Apr 21, 2011	146.74	146.57	147.06	146.32	10.11M	0.16
Apr 20, 2011	146.50	146.37	146.84	145.74	13.72M	0.39
Apr 19, 2011	145.93	145.73	146.24	145.18	10.96M	0.00
Apr 18, 2011	145.93	145.21	146.07	144.63	17.34M	0.61
Apr 15, 2011	145.05	143.85	145.12	143.57	19.13M	0.86
Apr 14, 2011	143.81	142.35	143.83	142.23	14.17M	1.35
Apr 13, 2011	141.90	142.39	142.53	141.48	13.89M	0.20
Apr 12, 2011	141.61	142.74	142.82	140.75	14.95M	-0.72
Apr 11, 2011	142.64	143.28	143.49	142.28	10.11M	-0.71
Apr 08, 2011	143.66	143.34	143.84	142.97	13.13M	0.81
Apr 07, 2011	142.51	142.23	142.89	141.80	9.49M	0.09
Apr 06, 2011	142.38	142.40	142.62	141.77	10.72M	0.23
Apr 05, 2011	142.05	139.58	142.09	139.52	18.33M	1.58
Apr 04, 2011	139.84	140.13	140.26	139.45	9.69M	0.47
Apr 01, 2011	139.19	138.65	139.55	137.72	15.74M	-0.48
Mar 31, 2011	139.86	140.08	140.40	139.78	15.24M	0.86
Mar 30, 2011	138.67	139.07	139.18	137.68	10.76M	0.33
Mar 29, 2011	138.21	138.21	138.82	137.94	6.35M	-0.24
Mar 28, 2011	138.54	137.82	138.83	137.78	7.66M	-0.52
Mar 25, 2011	139.26	140.00	140.24	138.66	13.19M	0.03
Mar 24, 2011	139.22	140.27	141.28	138.83	17.02M	-0.80
Mar 23, 2011	140.34	139.61	140.55	139.55	11.54M	0.93
Mar 22, 2011	139.05	138.88	139.36	138.67	9.56M	-0.06
Mar 21, 2011	139.14	139.50	139.91	138.97	13.74M	0.56
Mar 18, 2011	138.37	138.14	138.83	137.76	18.60M	1.02
Mar 17, 2011	136.97	136.56	137.08	136.25	9.12M	0.54
Mar 16, 2011	136.24	136.52	137.20	135.80	13.39M	-0.02
Mar 15, 2011	136.27	135.35	136.94	135.23	23.47M	-1.87
Mar 14, 2011	138.86	139.33	139.55	138.61	10.24M	0.46
Mar 11, 2011	138.22	137.29	138.93	137.18	10.42M	0.33
Mar 10, 2011	137.77	138.50	138.50	136.84	15.57M	-1.18
Mar 09, 2011	139.41	139.92	139.95	138.94	8.74M	0.04
Mar 08, 2011	139.36	139.65	139.66	138.83	10.73M	-0.26
Mar 07, 2011	139.72	140.29	140.61	139.28	14.07M	0.27
Mar 04, 2011	139.35	138.63	139.75	138.61	17.46M	0.91
Mar 03, 2011	138.09	138.81	139.13	137.57	16.49M	-1.31
Mar 02, 2011	139.92	140.24	140.55	139.48	15.73M	-0.08
Mar 01, 2011	140.03	138.57	140.03	138.49	17.44M	1.72
Feb 28, 2011	137.66	137.65	138.14	137.03	8.85M	0.20
Feb 25, 2011	137.38	137.22	137.74	136.77	10.35M	0.66
Feb 24, 2011	136.48	138.04	138.14	135.73	18.79M	-0.75
Feb 23, 2011	137.51	136.97	138.20	136.92	15.69M	0.90
Feb 22, 2011	136.29	136.92	137.22	136.19	16.68M	0.65
Feb 18, 2011	135.41	135.17	135.80	134.88	15.89M	0.27
Feb 17, 2011	135.04	134.74	135.16	134.47	11.33M	0.70
Feb 16, 2011	134.10	134.23	134.86	133.45	12.82M	0.10
Feb 15, 2011	133.97	133.86	134.17	133.63	10.11M	0.77
Feb 14, 2011	132.95	132.95	133.38	132.70	8.70M	0.48
Feb 11, 2011	132.32	133.01	133.44	132.09	9.89M	-0.40
Feb 10, 2011	132.85	132.11	133.31	132.00	8.11M	-0.17
Feb 09, 2011	133.07	133.19	133.39	132.49	10.18M	-0.05
Feb 08, 2011	133.14	132.96	133.50	132.80	16.23M	1.11
Feb 07, 2011	131.68	131.67	131.95	131.23	7.18M	0.02
Feb 04, 2011	131.66	131.84	132.70	131.23	15.22M	-0.41
Feb 03, 2011	132.20	130.07	132.32	129.28	17.41M	1.34
Feb 02, 2011	130.45	130.37	130.60	129.45	10.09M	-0.27
Feb 01, 2011	130.80	130.52	131.08	129.33	15.37M	0.72
Jan 31, 2011	129.87	129.27	130.51	129.25	14.67M	-0.31
Jan 28, 2011	130.28	127.97	131.48	127.95	28.10M	1.84
Jan 27, 2011	127.92	130.29	130.49	127.80	33.05M	-2.47
Jan 26, 2011	131.16	129.83	131.17	129.28	20.55M	0.81
Jan 25, 2011	130.10	129.65	130.27	129.07	22.22M	-0.20
Jan 24, 2011	130.36	131.01	131.63	130.14	15.13M	-0.51
Jan 21, 2011	131.03	130.76	131.43	130.53	19.49M	-0.13
Jan 20, 2011	131.20	131.76	132.10	131.04	24.36M	-1.88
Jan 19, 2011	133.72	134.34	134.40	133.40	11.80M	0.22
Jan 18, 2011	133.43	133.62	134.00	133.17	11.60M	0.56
Jan 14, 2011	132.69	133.17	133.60	132.22	21.23M	-1.01
Jan 13, 2011	134.05	135.66	135.68	133.63	14.30M	-1.04
Jan 12, 2011	135.46	134.79	135.58	134.35	10.79M	0.41
Jan 11, 2011	134.91	134.79	135.16	133.96	10.27M	0.59
Jan 10, 2011	134.12	133.85	134.20	133.24	8.43M	0.40
Jan 07, 2011	133.58	133.38	134.61	133.18	16.76M	-0.19
Jan 06, 2011	133.83	134.05	134.38	133.14	15.97M	-0.40
Jan 05, 2011	134.37	133.50	134.68	133.10	16.70M	-0.28
Jan 04, 2011	134.75	136.24	136.28	134.16	26.15M	-2.36
Jan 03, 2011	138.00	138.67	139.00	137.88	11.51M	-0.52
Dec 31, 2010	138.72	137.78	138.77	137.72	9.22M	1.23
Dec 30, 2010	137.03	137.58	137.71	136.94	5.75M	-0.49
Dec 29, 2010	137.71	137.38	138.05	137.19	8.44M	0.36
Dec 28, 2010	137.22	136.85	137.34	136.62	10.12M	1.63
Dec 27, 2010	135.02	134.96	135.06	134.49	3.44M	0.27
Dec 23, 2010	134.66	134.26	134.90	133.93	8.70M	-0.29
Dec 22, 2010	135.05	135.60	135.70	134.97	7.30M	-0.20
Dec 21, 2010	135.32	135.17	135.78	134.79	10.24M	0.16
Dec 20, 2010	135.11	135.13	135.44	134.33	13.14M	0.68
Dec 17, 2010	134.20	133.97	134.63	133.22	17.21M	0.29
Dec 16, 2010	133.81	134.21	134.23	132.86	23.47M	-0.66
Dec 15, 2010	134.70	135.34	135.93	134.68	15.09M	-1.09
Dec 14, 2010	136.18	136.27	137.21	135.86	17.43M	0.10
Dec 13, 2010	136.05	136.26	136.64	135.86	13.35M	0.47
Dec 10, 2010	135.41	134.94	135.48	133.95	11.94M	0.03
Dec 09, 2010	135.37	135.69	136.16	134.88	14.16M	0.43
Dec 08, 2010	134.79	135.91	136.29	133.88	23.48M	-1.25
Dec 07, 2010	136.50	139.46	139.54	136.46	26.50M	-1.88
Dec 06, 2010	139.11	138.14	139.46	137.73	15.64M	0.75
Dec 03, 2010	138.07	136.62	138.11	136.48	16.52M	2.12
Dec 02, 2010	135.20	135.62	136.59	135.15	17.58M	-0.13
Dec 01, 2010	135.38	135.71	136.14	134.96	16.83M	-0.03
Nov 30, 2010	135.42	135.21	135.75	134.78	17.47M	1.43
Nov 29, 2010	133.51	133.19	133.75	132.33	13.98M	0.52
Nov 26, 2010	132.82	132.38	132.89	131.93	7.82M	-1.01
Nov 24, 2010	134.18	134.36	134.70	133.74	8.86M	-0.17
Nov 23, 2010	134.41	133.60	135.07	133.46	18.22M	0.70
Nov 22, 2010	133.48	132.13	133.60	131.69	13.09M	0.97
Nov 19, 2010	132.20	131.48	132.35	131.01	14.15M	0.08
Nov 18, 2010	132.09	131.82	132.78	131.55	16.01M	1.31
Nov 17, 2010	130.38	130.77	131.37	130.13	16.43M	-0.45
Nov 16, 2010	130.97	132.24	132.38	129.83	32.49M	-1.09
Nov 15, 2010	132.42	133.86	134.49	132.39	15.10M	-0.95
Nov 12, 2010	133.69	135.89	136.31	132.82	35.89M	-2.88
Nov 11, 2010	137.66	137.62	137.75	136.45	15.45M	0.31
Nov 10, 2010	137.24	137.03	137.28	135.15	28.48M	1.22
Nov 09, 2010	135.59	138.70	139.15	135.05	39.45M	-1.59
Nov 08, 2010	137.78	135.92	137.79	135.53	17.37M	1.03
Nov 05, 2010	136.38	135.14	136.61	134.95	20.34M	0.26
Nov 04, 2010	136.03	134.64	136.13	134.24	23.47M	3.39
Nov 03, 2010	131.57	132.28	132.52	129.48	31.71M	-0.69
Nov 02, 2010	132.49	132.44	132.59	131.88	9.41M	0.43
Nov 01, 2010	131.92	132.85	133.07	131.76	12.40M	-0.53
Oct 29, 2010	132.62	131.48	132.82	131.06	14.34M	1.05
Oct 28, 2010	131.24	130.36	131.50	129.84	15.90M	1.33
Oct 27, 2010	129.52	129.93	130.00	128.79	16.13M	-1.04
Oct 26, 2010	130.88	129.99	131.14	129.73	10.71M	0.02
Oct 25, 2010	130.85	131.16	131.38	130.21	12.16M	0.86
Oct 22, 2010	129.73	129.47	129.75	128.97	11.89M	0.20
Oct 21, 2010	129.47	131.08	131.59	128.72	21.81M	-1.41
Oct 20, 2010	131.32	130.36	131.65	130.32	12.56M	0.93
Oct 19, 2010	130.11	130.46	131.59	129.75	25.33M	-3.11
Oct 18, 2010	134.28	133.46	134.34	133.16	12.30M	0.45
Oct 15, 2010	133.68	134.24	134.46	133.07	26.17M	-0.79
Oct 14, 2010	134.75	134.06	134.85	133.90	26.89M	0.51
Oct 13, 2010	134.07	132.73	134.31	132.63	18.40M	1.60
Oct 12, 2010	131.96	132.06	132.21	131.36	13.30M	-0.25
Oct 11, 2010	132.29	131.28	132.33	130.98	10.63M	0.48
Oct 08, 2010	131.66	130.78	131.88	130.47	18.70M	0.99
Oct 07, 2010	130.37	132.60	132.67	129.51	38.68M	-1.09
Oct 06, 2010	131.81	131.45	131.86	131.34	16.14M	0.63
Oct 05, 2010	130.99	130.11	131.12	129.87	17.49M	1.97
Oct 04, 2010	128.46	128.52	128.62	128.22	8.37M	-0.35
Oct 01, 2010	128.91	128.72	129.07	127.91	17.21M	0.78
Sep 30, 2010	127.91	128.15	128.28	126.61	19.21M	-0.03
Sep 29, 2010	127.95	127.93	128.24	127.52	12.34M	0.08
Sep 28, 2010	127.85	126.42	128.03	126.11	19.86M	0.89
Sep 27, 2010	126.72	126.90	126.91	126.48	6.69M	0.02
Sep 24, 2010	126.69	126.91	127.00	126.30	14.95M	0.31
Sep 23, 2010	126.30	126.20	126.66	125.81	9.33M	0.08
Sep 22, 2010	126.20	126.58	126.63	125.70	11.06M	0.15
Sep 21, 2010	126.01	124.77	126.17	124.16	20.41M	0.91
Sep 20, 2010	124.87	125.09	125.45	124.78	8.48M	0.26
Sep 17, 2010	124.54	125.03	125.03	124.27	13.82M	-0.07
Sep 16, 2010	124.63	124.50	124.77	124.19	12.67M	0.56
Sep 15, 2010	123.94	123.97	124.29	123.44	11.69M	-0.06
Sep 14, 2010	124.02	122.92	124.59	121.55	26.59M	1.97
Sep 13, 2010	121.62	121.63	122.11	121.39	9.69M	-0.09
Sep 10, 2010	121.73	121.40	122.30	121.39	12.51M	0.14
Sep 09, 2010	121.56	122.44	122.88	121.38	13.75M	-0.94
Sep 08, 2010	122.71	122.82	123.42	122.60	9.79M	0.01
Sep 07, 2010	122.70	122.91	123.06	122.63	8.78M	0.69
Sep 03, 2010	121.86	121.39	122.39	121.15	9.08M	-0.35
Sep 02, 2010	122.29	122.38	122.48	121.89	7.00M	0.49
Sep 01, 2010	121.69	122.15	122.21	121.43	11.88M	-0.32
Aug 31, 2010	122.08	121.77	122.19	121.46	12.26M	0.97
Aug 30, 2010	120.91	120.85	121.06	120.58	4.40M	-0.08
Aug 27, 2010	121.01	121.20	121.45	120.42	11.16M	0.04
Aug 26, 2010	120.96	121.09	122.95	120.50	8.90M	-0.33
Aug 25, 2010	121.36	121.12	121.38	120.67	14.00M	0.83
Aug 24, 2010	120.36	118.77	120.80	118.71	14.81M	0.48
Aug 23, 2010	119.78	119.91	120.07	119.42	4.86M	-0.16
Aug 20, 2010	119.97	119.97	120.07	119.45	10.68M	-0.35
Aug 19, 2010	120.39	120.65	120.99	120.11	10.02M	0.14
Aug 18, 2010	120.22	119.23	120.51	119.00	12.11M	0.39
Aug 17, 2010	119.75	119.75	119.97	119.60	9.15M	0.02
Aug 16, 2010	119.73	119.70	119.83	119.46	8.95M	0.83
Aug 13, 2010	118.74	118.82	118.89	118.36	10.21M	-0.03
Aug 12, 2010	118.77	118.56	118.86	118.46	12.33M	1.22
Aug 11, 2010	117.34	117.74	118.14	116.58	12.44M	-0.33
Aug 10, 2010	117.73	116.59	118.09	116.40	10.44M	0.28
Aug 09, 2010	117.40	117.76	117.85	117.23	6.75M	-0.37
Aug 06, 2010	117.84	117.99	118.42	117.49	10.00M	0.74
Aug 05, 2010	116.98	117.01	117.10	116.35	7.03M	0.22
Aug 04, 2010	116.72	117.41	117.65	116.65	10.33M	0.63
Aug 03, 2010	115.99	115.88	116.44	115.81	5.59M	0.39
Aug 02, 2010	115.54	116.12	116.39	115.20	8.47M	0.04
Jul 30, 2010	115.49	114.36	115.73	114.08	10.09M	1.05
Jul 29, 2010	114.29	113.54	114.35	113.34	9.48M	0.45
Jul 28, 2010	113.78	113.48	113.93	113.08	16.07M	0.24
Jul 27, 2010	113.51	114.95	114.99	113.21	29.53M	-1.74
Jul 26, 2010	115.52	116.38	116.47	115.30	11.22M	-0.49
Jul 23, 2010	116.09	117.12	117.47	115.79	8.34M	-0.66
Jul 22, 2010	116.86	115.95	117.50	115.91	8.16M	0.87
Jul 21, 2010	115.85	116.80	117.00	115.71	9.40M	-0.69
Jul 20, 2010	116.65	115.75	116.74	115.48	9.27M	0.79
Jul 19, 2010	115.73	115.57	115.80	115.11	15.72M	-0.81
Jul 16, 2010	116.67	116.69	116.79	115.95	17.49M	-1.32
Jul 15, 2010	118.23	118.59	118.70	117.73	8.59M	-0.06
Jul 14, 2010	118.30	118.26	119.13	117.59	9.58M	-0.05
Jul 13, 2010	118.36	118.98	119.10	118.36	8.42M	0.87
Jul 12, 2010	117.34	117.83	118.20	116.97	7.51M	-0.86
Jul 09, 2010	118.36	118.14	118.73	118.00	9.60M	0.98
Jul 08, 2010	117.21	117.39	117.41	116.10	11.32M	-0.44
Jul 07, 2010	117.73	116.57	117.78	116.50	10.93M	1.05
Jul 06, 2010	116.51	117.67	117.72	116.30	16.85M	-1.67
Jul 02, 2010	118.49	118.21	118.50	117.41	14.73M	1.24
Jul 01, 2010	117.04	120.91	121.03	116.98	33.25M	-3.81
Jun 30, 2010	121.68	121.07	122.09	120.88	12.02M	0.34
Jun 29, 2010	121.27	121.05	121.82	119.03	17.34M	0.15
Jun 28, 2010	121.09	122.79	123.56	120.81	19.66M	-1.36
Jun 25, 2010	122.76	122.75	123.13	122.49	9.99M	1.20
Jun 24, 2010	121.30	120.76	122.16	120.67	13.14M	0.29
Jun 23, 2010	120.95	120.89	121.02	119.77	14.12M	-0.41
Jun 22, 2010	121.45	121.16	121.59	120.87	12.94M	0.88
Jun 21, 2010	120.39	123.09	123.11	120.36	20.04M	-1.99
Jun 18, 2010	122.83	123.04	123.50	122.81	19.43M	0.76
Jun 17, 2010	121.90	121.64	122.41	121.49	19.80M	1.30
Jun 16, 2010	120.33	120.68	120.89	120.04	10.51M	-0.55
Jun 15, 2010	120.99	119.71	121.03	119.48	15.07M	1.16
Jun 14, 2010	119.60	119.63	120.26	118.96	11.00M	-0.34
Jun 11, 2010	120.01	119.88	120.41	119.33	7.83M	0.87
Jun 10, 2010	118.97	119.36	120.04	118.83	13.69M	-1.32
Jun 09, 2010	120.56	120.48	120.99	119.51	12.88M	-0.36
Jun 08, 2010	121.00	121.61	122.45	120.66	23.41M	-0.40
Jun 07, 2010	121.49	118.73	121.80	118.62	20.25M	1.93
Jun 04, 2010	119.19	117.96	119.39	117.05	16.54M	1.04
Jun 03, 2010	117.96	119.16	119.39	117.48	13.86M	-1.52
Jun 02, 2010	119.78	119.35	119.88	118.72	10.35M	-0.11
Jun 01, 2010	119.91	119.88	120.25	119.63	12.21M	0.87
May 28, 2010	118.88	118.48	118.90	117.63	11.58M	0.16
May 27, 2010	118.69	118.16	119.04	118.14	10.42M	0.19
May 26, 2010	118.47	118.58	119.08	118.32	13.15M	0.95
May 25, 2010	117.36	117.16	117.52	116.82	21.23M	0.45
May 24, 2010	116.84	116.34	117.17	116.04	14.34M	1.41
May 21, 2010	115.22	115.05	116.24	114.51	20.10M	-0.54
May 20, 2010	115.84	116.14	116.95	115.18	28.91M	-0.68
May 19, 2010	116.63	118.19	118.43	116.08	34.41M	-2.39
May 18, 2010	119.49	118.86	120.32	118.50	26.60M	0.11
May 17, 2010	119.36	120.55	121.12	119.29	27.90M	-0.84
May 14, 2010	120.37	121.88	122.02	119.12	34.65M	-0.16
May 13, 2010	120.56	121.29	121.71	120.10	22.34M	-0.69
May 12, 2010	121.40	121.28	122.23	120.77	32.70M	0.61
May 11, 2010	120.66	119.46	120.87	118.97	36.73M	2.63
May 10, 2010	117.57	117.50	117.90	116.81	28.43M	-0.59
May 07, 2010	118.27	117.64	118.88	116.74	34.28M	-0.19
May 06, 2010	118.49	115.62	118.62	115.57	50.54M	2.95
May 05, 2010	115.09	113.58	115.24	113.31	21.62M	0.19
May 04, 2010	114.87	116.39	116.43	114.17	21.52M	-0.74
May 03, 2010	115.73	115.91	116.28	115.53	13.57M	0.32
Apr 30, 2010	115.36	115.26	115.70	115.21	13.41M	0.95
Apr 29, 2010	114.28	113.85	114.52	113.84	10.38M	-0.03
Apr 28, 2010	114.31	114.03	114.99	113.63	26.90M	-0.28
Apr 27, 2010	114.63	112.43	114.82	112.34	25.06M	1.67
Apr 26, 2010	112.75	112.88	113.20	112.63	8.34M	-0.39
Apr 23, 2010	113.19	111.26	113.30	111.09	12.51M	1.21
Apr 22, 2010	111.84	111.79	112.01	110.76	9.61M	-0.42
Apr 21, 2010	112.31	111.82	112.64	111.48	6.84M	0.76
Apr 20, 2010	111.46	111.73	112.21	111.33	7.02M	0.28
Apr 19, 2010	111.15	110.88	111.36	110.67	8.00M	-0.08
Apr 16, 2010	111.24	112.50	113.07	110.54	24.58M	-2.12
Apr 15, 2010	113.65	112.90	113.71	112.85	10.96M	0.55
Apr 14, 2010	113.03	113.23	113.66	112.78	10.57M	0.30
Apr 13, 2010	112.69	113.12	113.16	112.06	11.26M	-0.28
Apr 12, 2010	113.01	113.64	114.13	112.98	11.12M	-0.55
Apr 09, 2010	113.64	113.09	114.07	112.74	16.43M	0.88
Apr 08, 2010	112.65	112.47	112.98	112.13	12.45M	0.14
Apr 07, 2010	112.49	111.85	112.93	111.77	19.15M	1.31
Apr 06, 2010	111.03	110.89	111.51	110.83	10.32M	0.13
Apr 05, 2010	110.89	110.56	110.98	110.27	8.21M	0.57
Apr 01, 2010	110.26	109.97	110.47	109.92	11.37M	1.20
Mar 31, 2010	108.95	109.44	109.50	108.85	14.01M	0.91
Mar 30, 2010	107.97	108.57	108.66	107.87	9.82M	-0.72
Mar 29, 2010	108.75	108.87	109.17	108.40	11.53M	0.15
Mar 26, 2010	108.59	107.16	108.70	106.82	17.44M	1.70
Mar 25, 2010	106.78	107.00	107.25	106.48	16.87M	0.45
Mar 24, 2010	106.30	106.94	107.07	106.24	14.24M	-1.86
Mar 23, 2010	108.32	107.50	108.50	107.34	11.28M	0.53
Mar 22, 2010	107.75	107.31	108.00	106.95	11.59M	-0.49
Mar 19, 2010	108.28	110.26	110.29	107.85	24.33M	-1.87
Mar 18, 2010	110.34	110.10	110.61	109.50	13.85M	0.68
Mar 17, 2010	109.59	110.18	110.46	109.55	13.78M	-0.73
Mar 16, 2010	110.40	110.02	110.57	109.70	17.75M	1.88
Mar 15, 2010	108.36	108.16	108.56	107.82	7.70M	0.38
Mar 12, 2010	107.95	108.56	108.77	107.45	11.85M	-0.60
Mar 11, 2010	108.60	108.28	108.65	107.86	9.52M	0.12
Mar 10, 2010	108.47	109.94	110.50	108.02	21.99M	-1.14
Mar 09, 2010	109.72	109.16	110.16	109.04	12.65M	-0.15
Mar 08, 2010	109.88	111.22	111.30	109.52	12.76M	-0.84
Mar 05, 2010	110.81	111.13	111.75	110.80	11.09M	-0.02
Mar 04, 2010	110.83	111.25	111.37	110.22	12.95M	-0.72
Mar 03, 2010	111.63	111.46	112.18	111.18	16.22M	0.55
Mar 02, 2010	111.02	109.86	111.45	109.86	20.11M	1.45
Mar 01, 2010	109.43	109.48	109.90	108.97	12.83M	0.00
Feb 26, 2010	109.43	108.89	109.60	108.41	13.04M	1.03
Feb 25, 2010	108.31	106.70	108.70	106.60	23.40M	0.88
Feb 24, 2010	107.36	107.33	108.16	107.10	17.21M	-0.49
Feb 23, 2010	107.89	108.84	108.91	107.65	13.63M	-1.08
Feb 22, 2010	109.07	109.86	109.97	108.66	10.75M	-0.37
Feb 19, 2010	109.47	109.32	110.39	108.81	21.93M	-0.46
Feb 18, 2010	109.98	109.61	110.11	109.19	19.18M	0.67
Feb 17, 2010	109.25	109.66	110.01	108.87	19.59M	-0.34
Feb 16, 2010	109.62	109.45	109.87	109.10	20.90M	2.41
Feb 12, 2010	107.04	106.08	107.10	105.57	14.46M	-0.08
Feb 11, 2010	107.13	105.58	107.56	105.27	19.35M	1.91
Feb 10, 2010	105.12	105.13	105.50	104.11	16.28M	-0.28
Feb 09, 2010	105.41	105.18	106.15	104.87	25.97M	1.32
Feb 08, 2010	104.04	104.41	105.14	104.00	17.18M	-0.61
Feb 05, 2010	104.68	103.76	104.68	102.28	32.66M	0.30
Feb 04, 2010	104.37	106.79	106.80	103.75	39.99M	-3.98
Feb 03, 2010	108.70	109.10	109.54	108.43	13.39M	-0.39
Feb 02, 2010	109.13	109.16	109.60	108.61	14.33M	0.72
Feb 01, 2010	108.35	106.64	108.48	106.37	14.90M	2.26
Jan 29, 2010	105.96	105.88	106.30	105.27	20.28M	-0.49
Jan 28, 2010	106.48	107.18	107.23	105.18	16.80M	-0.05
Jan 27, 2010	106.53	107.53	108.80	106.16	19.01M	-0.96
Jan 26, 2010	107.56	106.87	107.99	106.75	12.30M	0.07
Jan 25, 2010	107.48	107.44	107.72	107.07	13.20M	0.29
Jan 22, 2010	107.17	106.93	107.68	106.01	24.21M	-0.19
Jan 21, 2010	107.37	108.48	108.78	106.61	25.75M	-1.44
Jan 20, 2010	108.94	109.97	110.05	108.46	17.54M	-2.31
Jan 19, 2010	111.52	110.95	111.75	110.83	10.47M	0.60
Jan 15, 2010	110.86	111.35	112.01	110.38	18.01M	-1.04
Jan 14, 2010	112.03	111.51	112.37	110.79	18.32M	0.44
Jan 13, 2010	111.54	110.92	111.57	109.57	20.01M	0.95
Jan 12, 2010	110.49	112.38	113.05	110.14	29.18M	-2.09
Jan 11, 2010	112.85	113.34	113.59	112.52	17.25M	1.33
Jan 08, 2010	111.37	111.52	111.58	110.26	15.90M	0.50
Jan 07, 2010	110.82	111.07	111.29	110.62	13.61M	-0.62
Jan 06, 2010	111.51	110.71	111.77	110.41	24.99M	1.65
Jan 05, 2010	109.70	109.88	110.39	109.26	14.21M	-0.09
Jan 04, 2010	109.80	109.82	110.14	109.31	16.22M	2.32
Dec 31, 2009	107.31	107.98	108.11	107.24	9.13M	0.36
Dec 30, 2009	106.93	106.64	107.44	106.40	9.41M	-0.50
Dec 29, 2009	107.47	108.50	108.50	107.45	11.04M	-0.99
Dec 28, 2009	108.55	108.64	108.78	107.91	9.64M	0.18
Dec 24, 2009	108.36	107.90	108.37	107.77	7.99M	1.70
Dec 23, 2009	106.55	106.65	107.45	106.30	16.94M	0.36
Dec 22, 2009	106.17	106.79	107.09	105.31	28.70M	-0.73
Dec 21, 2009	106.95	109.17	109.30	106.82	23.34M	-1.84
Dec 18, 2009	108.95	108.00	109.50	107.04	25.59M	1.50
Dec 17, 2009	107.34	109.47	109.98	107.28	35.02M	-3.81
Dec 16, 2009	111.59	110.83	111.91	110.63	22.85M	1.25
Dec 15, 2009	110.21	109.94	110.57	109.39	20.06M	-0.03
Dec 14, 2009	110.24	110.01	110.70	109.50	16.34M	0.84
Dec 11, 2009	109.32	110.60	110.82	108.72	28.99M	-1.35
Dec 10, 2009	110.82	110.66	111.03	110.04	20.53M	-0.02
Dec 09, 2009	110.84	111.60	112.48	109.38	37.13M	-0.10
Dec 08, 2009	110.95	112.76	113.06	110.21	37.65M	-1.91
Dec 07, 2009	113.11	111.51	114.22	111.44	42.54M	-0.56
Dec 04, 2009	113.75	117.15	117.26	112.41	79.19M	-4.17
Dec 03, 2009	118.70	118.57	119.54	118.03	28.86M	-0.40
Dec 02, 2009	119.18	118.80	119.27	118.30	31.11M	1.53
Dec 01, 2009	117.38	117.30	117.93	116.78	27.72M	1.50
Nov 30, 2009	115.64	114.48	115.89	114.27	16.42M	0.50
Nov 27, 2009	115.06	113.08	115.81	113.02	21.23M	-1.34
Nov 25, 2009	116.62	115.69	116.88	115.53	24.57M	1.65
Nov 24, 2009	114.73	114.73	114.81	113.97	22.62M	0.38
Nov 23, 2009	114.29	114.67	115.12	113.99	24.46M	1.20
Nov 20, 2009	112.94	111.74	112.94	111.54	17.31M	0.57
Nov 19, 2009	112.30	111.85	112.40	110.76	21.25M	0.04
Nov 18, 2009	112.25	112.69	113.09	111.80	22.34M	0.25
Nov 17, 2009	111.97	111.09	111.99	110.90	19.83M	0.30
Nov 16, 2009	111.63	110.70	112.16	110.65	25.02M	1.72
Nov 13, 2009	109.74	108.32	109.80	108.14	17.25M	1.41
Nov 12, 2009	108.21	109.16	109.56	108.12	17.86M	-1.27
Nov 11, 2009	109.60	109.49	109.71	109.00	17.67M	1.12
Nov 10, 2009	108.39	108.03	108.78	107.70	15.98M	0.18
Nov 09, 2009	108.19	108.69	108.75	107.91	18.45M	0.71
Nov 06, 2009	107.43	107.38	108.04	107.06	14.79M	0.42
Nov 05, 2009	106.98	106.81	107.20	106.60	10.20M	-0.11
Nov 04, 2009	107.10	107.11	107.68	106.43	27.20M	0.60
Nov 03, 2009	106.46	103.74	106.70	103.72	33.61M	2.41
Nov 02, 2009	103.95	103.50	104.25	103.25	15.47M	1.38
Oct 30, 2009	102.53	102.33	102.66	101.48	15.25M	-0.16
Oct 29, 2009	102.69	101.72	102.76	101.50	15.33M	1.95
Oct 28, 2009	100.73	101.50	102.03	100.65	19.35M	-1.10
Oct 27, 2009	101.85	101.89	102.06	101.22	18.42M	-0.01
Oct 26, 2009	101.86	103.41	103.97	101.74	21.53M	-1.58
Oct 23, 2009	103.49	104.50	104.58	102.96	11.42M	-0.41
Oct 22, 2009	103.92	103.46	104.09	103.10	11.58M	0.16
Oct 21, 2009	103.75	103.38	104.46	103.24	16.01M	0.32
Oct 20, 2009	103.42	104.34	104.35	102.79	18.25M	-0.78
Oct 19, 2009	104.23	103.16	104.26	102.75	13.94M	1.02
Oct 16, 2009	103.18	102.70	103.68	102.53	14.32M	0.31
Oct 15, 2009	102.86	103.27	103.95	102.60	15.79M	-1.27
Oct 14, 2009	104.18	104.29	104.70	103.76	17.87M	-0.08
Oct 13, 2009	104.26	103.70	104.50	103.46	17.36M	0.68
Oct 12, 2009	103.56	103.39	103.92	103.22	9.18M	0.70
Oct 09, 2009	102.84	103.06	103.25	102.37	15.18M	-0.77
Oct 08, 2009	103.64	102.62	104.15	102.30	24.25M	1.25
Oct 07, 2009	102.36	102.29	102.52	101.83	16.19M	0.08
Oct 06, 2009	102.28	101.33	102.42	100.54	33.54M	2.46
Oct 05, 2009	99.82	98.48	99.84	98.36	11.71M	1.47
Oct 02, 2009	98.37	97.84	98.86	97.74	10.48M	0.49
Oct 01, 2009	97.89	98.84	98.86	97.88	11.05M	-0.97
Sep 30, 2009	98.85	98.31	99.06	97.56	18.67M	1.46
Sep 29, 2009	97.43	97.19	97.73	96.95	9.26M	0.39
Sep 28, 2009	97.05	97.21	97.81	97.00	7.79M	0.05
Sep 25, 2009	97.00	97.07	97.50	96.77	10.73M	-0.56
Sep 24, 2009	97.55	99.36	99.44	97.14	23.35M	-1.30
Sep 23, 2009	98.83	99.16	99.89	98.68	14.74M	-0.84
Sep 22, 2009	99.67	99.84	99.84	99.37	10.89M	1.33
Sep 21, 2009	98.36	97.95	98.62	97.73	11.12M	-0.31
Sep 18, 2009	98.67	99.73	99.87	98.67	13.94M	-0.67
Sep 17, 2009	99.34	99.66	100.08	99.04	12.49M	-0.57
Sep 16, 2009	99.91	100.01	100.02	99.50	16.59M	1.02
Sep 15, 2009	98.90	97.75	99.10	97.56	16.25M	0.96
Sep 14, 2009	97.96	98.16	98.43	97.73	9.64M	-0.83
Sep 11, 2009	98.78	98.96	99.33	98.27	19.50M	1.11
Sep 10, 2009	97.70	97.03	98.03	96.88	12.26M	0.64
Sep 09, 2009	97.08	97.98	98.36	96.85	20.44M	-0.36
Sep 08, 2009	97.43	98.57	98.64	97.39	22.99M	-0.10
Sep 04, 2009	97.53	97.14	97.83	96.00	14.91M	0.07
Sep 03, 2009	97.46	96.52	97.94	96.20	26.44M	1.32
Sep 02, 2009	96.19	94.70	96.26	94.57	27.67M	2.44
Sep 01, 2009	93.90	93.41	93.96	93.06	8.00M	0.54
Aug 31, 2009	93.40	93.14	93.50	92.92	4.96M	-0.50
Aug 28, 2009	93.87	94.07	94.15	93.63	6.76M	0.73
Aug 27, 2009	93.19	92.80	93.31	92.38	6.88M	0.43
Aug 26, 2009	92.79	92.67	92.85	92.21	5.23M	0.03
Aug 25, 2009	92.76	93.40	93.46	92.49	8.28M	0.45
Aug 24, 2009	92.34	93.64	93.70	91.64	8.55M	-1.40
Aug 21, 2009	93.65	93.63	93.80	93.40	7.29M	1.50
Aug 20, 2009	92.27	92.31	92.55	92.12	3.97M	-0.28
Aug 19, 2009	92.53	91.68	92.78	91.66	7.12M	0.51
Aug 18, 2009	92.06	91.81	92.20	91.76	4.36M	0.49
Aug 17, 2009	91.61	91.49	91.86	91.28	6.83M	-1.49
Aug 14, 2009	93.00	93.84	93.91	92.40	6.19M	-0.77
Aug 13, 2009	93.72	93.85	94.05	93.45	6.76M	0.83
Aug 12, 2009	92.95	92.60	93.49	92.47	7.91M	0.17
Aug 11, 2009	92.79	92.68	92.97	92.41	5.03M	-0.15
Aug 10, 2009	92.93	92.91	93.14	92.60	6.42M	-0.87
Aug 07, 2009	93.75	94.32	94.64	93.60	8.04M	-0.90
Aug 06, 2009	94.60	95.01	95.19	93.76	13.66M	-0.19
Aug 05, 2009	94.78	94.88	95.05	94.01	8.99M	0.11
Aug 04, 2009	94.68	94.18	95.25	93.99	11.55M	0.86
Aug 03, 2009	93.87	94.14	94.49	93.65	10.02M	0.56
Jul 31, 2009	93.35	91.86	94.03	91.83	14.39M	1.89
Jul 30, 2009	91.62	91.55	92.00	91.44	6.25M	0.46
Jul 29, 2009	91.20	91.67	91.75	90.81	9.68M	-0.99
Jul 28, 2009	92.11	92.74	92.82	91.65	10.89M	-1.71
Jul 27, 2009	93.71	93.90	93.95	93.36	5.17M	0.32
Jul 24, 2009	93.41	93.48	93.71	93.33	4.73M	0.16
Jul 23, 2009	93.26	93.20	94.00	93.11	9.76M	-0.19
Jul 22, 2009	93.44	92.82	93.82	92.73	10.24M	0.33
Jul 21, 2009	93.13	93.52	93.53	92.69	9.35M	-0.16
Jul 20, 2009	93.28	93.61	93.80	92.91	13.18M	1.47
Jul 17, 2009	91.93	92.15	92.30	91.84	8.75M	-0.05
Jul 16, 2009	91.98	92.00	92.12	91.55	4.61M	-0.28
Jul 15, 2009	92.24	92.17	92.52	92.03	9.86M	1.57
Jul 14, 2009	90.81	90.86	91.11	90.59	5.72M	0.69
Jul 13, 2009	90.19	89.45	90.69	89.10	8.81M	0.68
Jul 10, 2009	89.58	89.30	89.77	89.16	5.04M	0.08
Jul 09, 2009	89.51	89.63	90.26	89.33	13.69M	0.27
Jul 08, 2009	89.27	90.11	97.80	88.82	21.96M	-1.59
Jul 07, 2009	90.71	90.89	91.38	90.50	7.69M	-0.06
Jul 06, 2009	90.76	90.48	90.93	90.36	6.29M	-0.54
Jul 02, 2009	91.25	91.47	91.58	91.08	7.37M	-1.23
Jul 01, 2009	92.39	92.31	93.00	92.00	10.74M	1.33
Jun 30, 2009	91.18	91.85	91.96	90.53	24.19M	-0.93
Jun 29, 2009	92.04	92.32	92.40	91.71	6.53M	-0.27
Jun 26, 2009	92.29	92.81	92.93	91.93	10.42M	-0.02
Jun 25, 2009	92.31	92.12	92.33	91.72	11.45M	0.94
Jun 24, 2009	91.45	92.09	92.33	91.04	12.12M	0.58
Jun 23, 2009	90.92	90.66	91.03	89.95	11.97M	0.42
Jun 22, 2009	90.54	90.41	90.64	90.13	12.96M	-1.48
Jun 19, 2009	91.90	91.81	92.23	91.58	11.81M	0.32
Jun 18, 2009	91.61	92.24	92.50	91.30	16.24M	-0.80
Jun 17, 2009	92.35	91.61	92.39	90.15	12.13M	0.46
Jun 16, 2009	91.93	91.87	92.12	91.35	9.84M	0.91
Jun 15, 2009	91.10	91.90	91.90	90.90	13.12M	-1.16
Jun 12, 2009	92.17	92.41	92.76	92.00	13.81M	-1.63
Jun 11, 2009	93.70	93.13	94.53	93.00	14.78M	-0.17
Jun 10, 2009	93.86	94.50	94.53	92.90	14.45M	0.03
Jun 09, 2009	93.83	94.27	94.39	93.44	9.48M	0.29
Jun 08, 2009	93.56	93.26	93.70	92.58	11.56M	-0.16
Jun 05, 2009	93.71	94.24	94.79	93.57	18.60M	-2.62
Jun 04, 2009	96.23	95.24	96.49	95.20	13.64M	1.93
Jun 03, 2009	94.41	95.90	96.21	94.31	18.21M	-2.02
Jun 02, 2009	96.36	96.19	96.97	96.10	14.54M	0.66
Jun 01, 2009	95.73	96.47	96.76	95.63	17.92M	-0.49
May 29, 2009	96.20	95.70	96.35	95.58	18.14M	2.08
May 28, 2009	94.24	94.14	94.83	93.80	14.97M	0.85
May 27, 2009	93.45	93.73	94.28	93.10	13.71M	-0.33
May 26, 2009	93.76	92.95	93.84	92.85	12.36M	-0.41
May 22, 2009	94.15	94.25	94.42	93.80	15.41M	0.32
May 21, 2009	93.85	92.35	93.86	91.93	21.83M	1.73
May 20, 2009	92.25	91.54	92.44	91.52	18.30M	1.42
May 19, 2009	90.96	90.64	91.35	90.57	9.63M	0.66
May 18, 2009	90.36	91.53	91.57	90.14	17.35M	-1.30
May 15, 2009	91.55	91.15	91.81	91.10	11.71M	0.57
May 14, 2009	91.03	90.90	91.26	90.70	8.03M	-0.07
May 13, 2009	91.09	90.44	91.50	90.31	17.45M	0.43
May 12, 2009	90.70	90.40	90.84	89.95	15.76M	1.13
May 11, 2009	89.69	89.64	90.01	89.50	12.21M	-0.32
May 08, 2009	89.98	89.71	90.09	88.91	10.94M	0.60
May 07, 2009	89.44	90.13	90.30	89.24	14.81M	-0.11
May 06, 2009	89.54	89.46	89.69	88.84	11.34M	1.46
May 05, 2009	88.25	89.71	89.73	87.88	9.96M	-0.44
May 04, 2009	88.64	87.55	89.18	87.55	10.82M	1.94
May 01, 2009	86.95	86.75	87.49	86.69	6.12M	-0.37
Apr 30, 2009	87.27	86.83	87.78	86.54	9.72M	-1.20
Apr 29, 2009	88.33	88.31	88.78	87.67	8.10M	0.66
Apr 28, 2009	87.75	87.33	87.95	87.11	8.57M	-1.42
Apr 27, 2009	89.01	89.33	89.79	88.94	7.16M	-0.79
Apr 24, 2009	89.72	89.10	89.84	88.83	11.43M	1.04
Apr 23, 2009	88.80	87.71	89.37	87.62	16.62M	1.63
Apr 22, 2009	87.38	87.03	87.82	86.80	10.09M	0.56
Apr 21, 2009	86.89	87.85	87.88	86.33	10.66M	-0.07
Apr 20, 2009	86.95	86.03	87.34	86.00	12.67M	2.03
Apr 17, 2009	85.22	85.75	86.37	84.92	22.33M	-0.69
Apr 16, 2009	85.81	87.38	87.45	85.68	21.03M	-1.93
Apr 15, 2009	87.50	87.42	87.94	87.23	6.86M	0.15
Apr 14, 2009	87.37	87.78	87.81	87.04	7.17M	-0.58
Apr 13, 2009	87.88	88.03	88.45	87.60	7.28M	1.82
Apr 09, 2009	86.31	86.33	86.88	86.10	9.61M	-0.35
Apr 08, 2009	86.61	87.18	87.52	86.26	12.23M	-0.15
Apr 07, 2009	86.74	86.27	88.26	86.17	11.01M	1.72
Apr 06, 2009	85.27	86.40	86.44	84.97	22.91M	-2.65
Apr 03, 2009	87.59	88.96	89.44	87.52	16.35M	-1.36
Apr 02, 2009	88.80	88.75	89.36	87.92	24.83M	-2.45
Apr 01, 2009	91.03	91.34	91.38	90.21	12.30M	0.83
Mar 31, 2009	90.28	90.38	90.85	89.58	14.40M	0.33
Mar 30, 2009	89.98	89.97	91.81	89.75	16.43M	-0.78
Mar 27, 2009	90.69	90.83	91.26	90.41	11.62M	-1.35
Mar 26, 2009	91.93	92.72	92.72	91.84	12.37M	-0.05
Mar 25, 2009	91.98	90.87	92.63	90.34	24.80M	1.08
Mar 24, 2009	91.00	90.76	91.66	90.25	16.98M	-1.17
Mar 23, 2009	92.08	93.44	93.91	91.95	17.66M	-1.61
Mar 20, 2009	93.59	93.48	94.37	93.13	18.08M	-0.81
Mar 19, 2009	94.35	93.41	94.77	92.91	35.04M	1.35
Mar 18, 2009	93.09	88.75	93.39	86.83	59.51M	3.39
Mar 17, 2009	90.04	90.26	90.59	89.75	10.05M	-0.84
Mar 16, 2009	90.80	90.29	90.96	90.03	11.79M	-0.55
Mar 13, 2009	91.30	91.87	91.89	90.50	11.69M	0.22
Mar 12, 2009	91.10	90.37	91.57	90.14	20.14M	2.11
Mar 11, 2009	89.22	88.49	89.83	87.78	16.69M	1.23
Mar 10, 2009	88.14	89.54	89.61	87.47	25.93M	-2.68
Mar 09, 2009	90.57	92.29	92.33	89.57	18.31M	-1.86
Mar 06, 2009	92.29	91.81	92.95	91.20	22.40M	0.33
Mar 05, 2009	91.99	89.92	92.17	89.23	24.00M	3.37
Mar 04, 2009	88.99	90.25	90.35	88.45	19.88M	-1.17
Mar 03, 2009	90.04	90.85	91.04	88.94	28.08M	-0.98
Mar 02, 2009	90.93	93.40	93.61	90.62	24.27M	-1.84
Feb 27, 2009	92.63	94.31	94.53	91.03	30.59M	-0.46
Feb 26, 2009	93.06	92.71	93.14	91.57	28.79M	-0.10
Feb 25, 2009	93.15	94.73	96.41	92.81	26.14M	-1.67
Feb 24, 2009	94.73	97.59	97.59	94.27	37.46M	-3.07
Feb 23, 2009	97.73	96.59	98.22	95.89	24.54M	-0.07
Feb 20, 2009	97.80	98.00	98.99	97.14	43.86M	2.12
Feb 19, 2009	95.77	95.91	96.57	95.42	21.31M	-1.18
Feb 18, 2009	96.91	95.23	97.15	94.67	29.35M	1.53
Feb 17, 2009	95.45	95.23	95.85	94.89	27.09M	3.13
Feb 13, 2009	92.55	92.50	92.77	91.69	14.72M	-0.67
Feb 12, 2009	93.17	93.04	93.74	92.52	38.79M	0.95
Feb 11, 2009	92.29	90.93	93.25	90.80	55.64M	2.31
Feb 10, 2009	90.21	89.66	90.37	89.18	25.45M	2.14
Feb 09, 2009	88.32	88.35	88.65	87.60	21.27M	-1.42
Feb 06, 2009	89.59	89.15	90.14	89.15	12.55M	-0.59
Feb 05, 2009	90.12	90.75	90.82	89.30	17.20M	1.05
Feb 04, 2009	89.18	88.89	89.50	88.52	14.27M	0.80
Feb 03, 2009	88.47	89.34	89.73	86.00	17.58M	-0.42
Feb 02, 2009	88.84	89.88	92.58	88.62	17.00M	-2.71
Jan 30, 2009	91.31	90.70	91.49	89.65	21.28M	2.02
Jan 29, 2009	89.50	86.68	89.55	86.28	21.19M	2.38
Jan 28, 2009	87.42	88.27	88.38	86.84	18.46M	-1.09
Jan 27, 2009	88.38	88.40	88.84	88.01	11.88M	-0.64
Jan 26, 2009	88.95	89.22	90.19	88.68	19.14M	0.47
Jan 23, 2009	88.53	86.57	88.94	86.07	34.01M	4.67
