Date	Price	Open	High	Low	Change %
Jan 25, 2016	2.813	2.825	2.825	2.813	-0.48%
Jan 24, 2016	2.827	2.828	2.848	2.825	-0.04%
Jan 22, 2016	2.828	2.810	2.861	2.792	0.68%
Jan 21, 2016	2.809	2.766	2.815	2.734	1.85%
Jan 20, 2016	2.758	2.825	2.825	2.711	-2.51%
Jan 19, 2016	2.829	2.827	2.862	2.790	0.05%
Jan 18, 2016	2.828	2.825	2.829	2.825	0.34%
Jan 15, 2016	2.818	2.895	2.896	2.798	-2.49%
Jan 14, 2016	2.890	2.868	2.913	2.835	0.42%
Jan 13, 2016	2.878	2.901	2.920	2.817	-0.10%
Jan 12, 2016	2.881	2.970	2.990	2.865	-2.96%
Jan 11, 2016	2.969	2.926	2.974	2.925	2.08%
Jan 10, 2016	2.909	2.909	2.909	2.909	-0.01%
Jan 08, 2016	2.909	2.931	2.981	2.902	-0.68%
Jan 07, 2016	2.929	2.945	2.972	2.885	-0.27%
Jan 06, 2016	2.937	2.995	3.007	2.934	-2.07%
Jan 05, 2016	2.999	2.984	3.022	2.970	0.44%
Jan 04, 2016	2.986	3.037	3.038	2.939	-1.70%
Jan 03, 2016	3.037	3.037	3.038	3.036	0.75%
Dec 31, 2015	3.015	3.045	3.050	3.009	-0.76%
Dec 30, 2015	3.038	3.035	3.062	3.017	0.00%
Dec 29, 2015	3.038	2.944	3.048	2.931	3.12%
Dec 28, 2015	2.946	2.969	2.978	2.925	-0.98%
Dec 27, 2015	2.975	2.964	2.978	2.964	0.38%
Dec 24, 2015	2.964	2.992	2.993	2.960	-0.87%
Dec 23, 2015	2.990	2.959	3.015	2.954	1.15%
Dec 22, 2015	2.956	2.913	2.968	2.904	1.44%
Dec 21, 2015	2.914	2.924	3.051	2.889	-0.32%
Dec 20, 2015	2.924	2.925	2.926	2.923	0.12%
Dec 18, 2015	2.920	2.932	2.938	2.897	-0.31%
Dec 17, 2015	2.929	2.993	2.994	2.928	-2.56%
Dec 16, 2015	3.006	2.990	3.036	2.960	0.47%
Dec 15, 2015	2.992	2.952	3.019	2.936	1.22%
Dec 14, 2015	2.956	2.889	2.974	2.876	2.50%
Dec 13, 2015	2.884	2.876	2.892	2.876	0.28%
Dec 11, 2015	2.876	2.970	2.971	2.866	-3.20%
Dec 10, 2015	2.971	2.970	2.983	2.955	0.24%
Dec 09, 2015	2.964	2.961	3.021	2.947	0.20%
Dec 08, 2015	2.958	2.965	2.978	2.928	-0.24%
Dec 07, 2015	2.965	3.021	3.037	2.931	-1.82%
Dec 06, 2015	3.020	3.012	3.020	3.012	0.26%
Dec 04, 2015	3.012	3.044	3.114	2.998	-1.60%
Dec 03, 2015	3.061	2.909	3.084	2.906	5.30%
Dec 02, 2015	2.907	2.913	2.938	2.901	0.14%
Dec 01, 2015	2.903	2.979	3.005	2.902	-2.39%
Nov 30, 2015	2.974	2.994	3.014	2.971	-0.76%
Nov 29, 2015	2.997	2.998	3.001	2.992	-0.04%
Nov 27, 2015	2.998	2.994	3.003	2.971	0.17%
Nov 26, 2015	2.993	2.994	2.994	2.987	-0.04%
Nov 25, 2015	2.994	3.011	3.011	2.979	-0.37%
Nov 24, 2015	3.005	2.998	3.016	2.969	0.20%
Nov 23, 2015	2.999	3.020	3.048	2.991	-0.77%
Nov 22, 2015	3.022	3.022	3.022	3.022	0.01%
Nov 20, 2015	3.022	3.015	3.026	2.994	0.50%
Nov 19, 2015	3.007	3.045	3.046	2.988	-1.18%
Nov 18, 2015	3.043	3.058	3.077	3.033	-0.36%
Nov 17, 2015	3.054	3.066	3.104	3.033	-0.33%
Nov 16, 2015	3.064	3.036	3.080	3.030	0.85%
Nov 15, 2015	3.038	3.037	3.044	3.036	-0.61%
Nov 13, 2015	3.057	3.089	3.089	3.045	-1.16%
Nov 12, 2015	3.093	3.120	3.133	3.076	-0.87%
Nov 11, 2015	3.120	3.120	3.121	3.120	0.36%
Nov 10, 2015	3.109	3.108	3.122	3.081	-0.16%
Nov 09, 2015	3.114	3.089	3.139	3.082	0.82%
Nov 08, 2015	3.089	3.089	3.091	3.087	0.08%
Nov 06, 2015	3.086	3.003	3.099	2.983	2.80%
Nov 05, 2015	3.002	2.992	3.029	2.984	0.33%
Nov 04, 2015	2.992	2.993	3.011	2.971	-0.20%
Nov 03, 2015	2.998	2.941	3.007	2.933	1.77%
Nov 02, 2015	2.946	2.915	2.964	2.909	1.12%
Nov 01, 2015	2.914	2.916	2.946	2.912	-0.39%
Oct 30, 2015	2.925	2.957	2.969	2.922	-1.28%
Oct 29, 2015	2.963	2.872	2.970	2.858	2.95%
Oct 28, 2015	2.878	2.865	2.902	2.850	0.70%
Oct 27, 2015	2.858	2.865	2.866	2.828	-0.35%
Oct 26, 2015	2.868	2.897	2.898	2.855	-1.00%
Oct 25, 2015	2.897	2.898	2.920	2.896	-0.07%
Oct 23, 2015	2.899	2.867	2.929	2.851	1.26%
Oct 22, 2015	2.863	2.862	2.898	2.834	-0.17%
Oct 21, 2015	2.868	2.908	2.988	2.859	-1.54%
Oct 20, 2015	2.913	2.883	2.930	2.871	1.15%
Oct 19, 2015	2.880	2.876	2.914	2.866	0.13%
Oct 18, 2015	2.876	2.884	2.885	2.875	-0.26%
Oct 16, 2015	2.884	2.876	2.886	2.848	0.66%
Oct 15, 2015	2.865	2.836	2.875	2.834	1.09%
Oct 14, 2015	2.834	2.886	2.891	2.833	-1.63%
Oct 13, 2015	2.881	2.895	2.914	2.865	-0.47%
Oct 12, 2015	2.895	2.894	2.897	2.893	-0.94%
Oct 09, 2015	2.922	2.934	2.970	2.915	-0.51%
Oct 08, 2015	2.937	2.901	2.964	2.864	1.52%
Oct 07, 2015	2.893	2.873	2.923	2.872	0.73%
Oct 06, 2015	2.872	2.893	2.921	2.868	-0.93%
Oct 05, 2015	2.899	2.820	2.906	2.813	2.73%
Oct 04, 2015	2.822	2.824	2.824	2.820	-0.06%
Oct 03, 2015	2.824	2.824	2.824	2.824	-0.01%
Oct 02, 2015	2.824	2.857	2.871	2.749	-1.02%
Oct 01, 2015	2.853	2.855	2.887	2.819	-0.04%
Sep 30, 2015	2.854	2.860	2.906	2.852	-0.14%
Sep 29, 2015	2.858	2.879	2.906	2.841	-0.66%
Sep 28, 2015	2.877	2.950	2.963	2.864	-2.47%
Sep 27, 2015	2.950	2.960	2.960	2.948	-0.34%
Sep 25, 2015	2.960	2.920	2.978	2.908	1.47%
Sep 24, 2015	2.917	2.939	2.951	2.865	-0.95%
Sep 23, 2015	2.945	2.935	2.984	2.932	0.07%
Sep 22, 2015	2.943	3.013	3.014	2.919	-2.42%
Sep 21, 2015	3.016	2.946	3.040	2.944	2.79%
Sep 20, 2015	2.934	2.934	2.934	2.934	0.00%
Sep 18, 2015	2.934	3.009	3.010	2.927	-2.49%
Sep 17, 2015	3.009	3.082	3.085	3.005	-2.46%
Sep 16, 2015	3.085	3.058	3.092	3.035	0.46%
Sep 15, 2015	3.071	2.956	3.072	2.932	3.93%
Sep 14, 2015	2.955	2.960	2.964	2.923	-0.21%
Sep 13, 2015	2.961	2.956	2.962	2.955	0.31%
Sep 11, 2015	2.952	2.985	2.989	2.922	-1.24%
Sep 10, 2015	2.989	2.951	2.997	2.944	1.18%
Sep 09, 2015	2.954	2.957	3.038	2.936	-0.17%
Sep 08, 2015	2.959	2.908	2.980	2.887	1.84%
Sep 07, 2015	2.906	2.901	2.908	2.901	0.47%
Sep 04, 2015	2.892	2.941	2.943	2.878	-1.53%
Sep 03, 2015	2.937	2.951	2.978	2.925	-0.58%
Sep 02, 2015	2.954	2.922	2.969	2.901	1.20%
Sep 01, 2015	2.919	2.955	2.964	2.893	-1.39%
Aug 31, 2015	2.960	2.907	2.965	2.861	1.79%
Aug 30, 2015	2.908	2.910	2.912	2.906	-0.07%
Aug 28, 2015	2.910	2.932	2.936	2.865	-0.65%
Aug 27, 2015	2.929	2.927	2.951	2.877	-0.20%
Aug 26, 2015	2.935	2.793	2.960	2.788	4.52%
Aug 25, 2015	2.808	2.741	2.859	2.735	2.74%
Aug 24, 2015	2.733	2.726	2.760	2.624	0.25%
Aug 23, 2015	2.726	2.730	2.732	2.724	-0.35%
Aug 21, 2015	2.736	2.749	2.773	2.720	-0.33%
Aug 20, 2015	2.745	2.818	2.822	2.743	-2.52%
Aug 19, 2015	2.816	2.858	2.892	2.800	-1.40%
Aug 18, 2015	2.856	2.818	2.870	2.795	1.28%
Aug 17, 2015	2.820	2.838	2.842	2.792	-0.60%
Aug 16, 2015	2.837	2.835	2.837	2.834	-0.28%
Aug 14, 2015	2.845	2.855	2.877	2.821	-0.42%
Aug 13, 2015	2.857	2.837	2.880	2.818	0.67%
Aug 12, 2015	2.838	2.817	2.841	2.725	1.00%
Aug 11, 2015	2.810	2.898	2.899	2.789	-3.00%
Aug 10, 2015	2.897	2.828	2.909	2.828	2.46%
Aug 09, 2015	2.828	2.822	2.828	2.822	0.19%
Aug 07, 2015	2.822	2.897	2.931	2.818	-2.62%
Aug 06, 2015	2.898	2.944	2.958	2.888	-1.50%
Aug 05, 2015	2.942	2.904	2.963	2.894	1.52%
Aug 04, 2015	2.898	2.847	2.905	2.846	1.54%
Aug 03, 2015	2.854	2.919	2.924	2.845	-2.19%
Aug 02, 2015	2.918	2.916	2.920	2.916	0.30%
Jul 31, 2015	2.909	2.939	2.963	2.895	-1.16%
Jul 30, 2015	2.943	3.004	3.028	2.937	-1.93%
Jul 29, 2015	3.001	2.967	3.030	2.961	1.28%
Jul 28, 2015	2.963	2.940	2.984	2.934	1.20%
Jul 27, 2015	2.928	2.959	2.965	2.913	-1.06%
Jul 26, 2015	2.959	2.962	2.962	2.959	-0.02%
Jul 24, 2015	2.960	2.974	2.984	2.950	-0.30%
Jul 23, 2015	2.969	3.040	3.052	2.967	-2.50%
Jul 22, 2015	3.045	3.066	3.076	3.026	-0.72%
Jul 21, 2015	3.067	3.096	3.139	3.063	-1.26%
Jul 20, 2015	3.106	3.090	3.120	3.066	0.83%
Jul 19, 2015	3.080	3.080	3.080	3.080	0.00%
Jul 18, 2015	3.080	3.080	3.080	3.080	0.01%
Jul 17, 2015	3.080	3.114	3.121	3.071	-1.09%
Jul 16, 2015	3.114	3.152	3.172	3.102	-0.89%
Jul 15, 2015	3.142	3.188	3.218	3.129	-1.57%
Jul 14, 2015	3.192	3.228	3.231	3.187	-1.08%
Jul 13, 2015	3.227	3.180	3.250	3.165	1.46%
Jul 12, 2015	3.181	3.178	3.182	3.178	-0.35%
Jul 10, 2015	3.192	3.152	3.211	3.133	2.44%
Jul 09, 2015	3.116	2.981	3.123	2.962	4.60%
Jul 08, 2015	2.979	3.036	3.036	2.962	-1.85%
Jul 07, 2015	3.035	3.088	3.108	2.982	-1.68%
Jul 06, 2015	3.087	3.088	3.142	3.068	0.01%
Jul 05, 2015	3.087	3.190	3.190	3.082	-3.24%
Jul 02, 2015	3.190	3.209	3.250	3.162	-0.53%
Jul 01, 2015	3.207	3.134	3.217	3.114	2.82%
Jun 30, 2015	3.119	3.097	3.138	3.072	0.58%
Jun 29, 2015	3.101	3.093	3.178	3.074	0.22%
Jun 28, 2015	3.094	3.096	3.104	3.094	-4.56%
Jun 26, 2015	3.242	3.166	3.256	3.160	2.05%
Jun 25, 2015	3.177	3.142	3.190	3.142	0.79%
Jun 24, 2015	3.152	3.188	3.192	3.143	-1.65%
Jun 23, 2015	3.205	3.163	3.221	3.148	1.36%
Jun 22, 2015	3.162	3.073	3.171	3.066	2.87%
Jun 21, 2015	3.074	3.049	3.083	3.049	0.81%
Jun 19, 2015	3.049	3.121	3.124	3.046	-2.59%
Jun 18, 2015	3.130	3.081	3.160	3.040	1.10%
Jun 17, 2015	3.096	3.045	3.140	3.035	1.81%
Jun 16, 2015	3.041	3.086	3.099	3.040	-1.52%
Jun 15, 2015	3.088	3.062	3.110	3.038	0.84%
Jun 14, 2015	3.062	3.070	3.070	3.062	-1.28%
Jun 12, 2015	3.102	3.101	3.119	3.045	0.19%
Jun 11, 2015	3.096	3.211	3.227	3.095	-3.73%
Jun 10, 2015	3.216	3.161	3.227	3.161	1.36%
Jun 09, 2015	3.173	3.114	3.183	3.084	1.89%
Jun 08, 2015	3.114	3.119	3.122	3.083	-0.14%
Jun 07, 2015	3.118	3.115	3.123	3.115	0.11%
Jun 05, 2015	3.115	3.044	3.136	3.043	2.37%
Jun 04, 2015	3.043	3.098	3.159	3.027	-1.84%
Jun 03, 2015	3.100	3.011	3.128	3.006	2.79%
Jun 02, 2015	3.016	2.944	3.032	2.928	2.76%
Jun 01, 2015	2.935	2.888	2.959	2.864	1.63%
May 31, 2015	2.888	2.920	2.920	2.887	0.19%
May 30, 2015	2.883	2.883	2.883	2.883	-0.01%
May 29, 2015	2.883	2.888	2.891	2.842	-0.10%
May 28, 2015	2.886	2.876	2.900	2.856	0.63%
May 27, 2015	2.868	2.908	2.928	2.864	-1.17%
May 26, 2015	2.902	2.971	2.975	2.883	-2.37%
May 25, 2015	2.972	2.986	2.986	2.970	-0.46%
May 22, 2015	2.986	2.991	3.011	2.953	-0.17%
May 21, 2015	2.991	3.045	3.054	2.973	-2.19%
May 20, 2015	3.058	3.066	3.088	3.030	-0.52%
May 19, 2015	3.074	3.027	3.092	2.976	1.45%
May 18, 2015	3.030	2.943	3.035	2.929	2.95%
May 17, 2015	2.943	2.955	2.955	2.942	0.28%
May 15, 2015	2.935	3.033	3.033	2.914	-3.96%
May 14, 2015	3.056	3.082	3.100	3.031	-0.94%
May 13, 2015	3.085	3.022	3.092	2.958	2.49%
May 12, 2015	3.010	3.039	3.128	2.988	-1.34%
May 11, 2015	3.051	2.889	3.054	2.878	5.57%
May 10, 2015	2.890	2.897	2.905	2.889	-0.21%
May 08, 2015	2.896	2.901	2.932	2.853	-0.38%
May 07, 2015	2.907	2.990	3.038	2.893	-3.29%
May 06, 2015	3.006	2.912	3.009	2.908	3.37%
May 05, 2015	2.908	2.878	2.934	2.848	1.04%
May 04, 2015	2.878	2.838	2.885	2.804	1.85%
May 03, 2015	2.826	2.826	2.826	2.826	-0.01%
May 01, 2015	2.826	2.751	2.840	2.747	2.99%
Apr 30, 2015	2.744	2.747	2.813	2.733	-0.58%
Apr 29, 2015	2.760	2.688	2.792	2.684	2.07%
Apr 28, 2015	2.704	2.615	2.709	2.604	3.32%
Apr 27, 2015	2.617	2.608	2.643	2.595	0.34%
Apr 26, 2015	2.608	2.614	2.614	2.608	-0.22%
Apr 24, 2015	2.614	2.650	2.666	2.598	-1.28%
Apr 23, 2015	2.648	2.661	2.676	2.621	-0.64%
Apr 22, 2015	2.665	2.578	2.679	2.560	3.13%
Apr 21, 2015	2.584	2.560	2.592	2.535	1.10%
Apr 20, 2015	2.556	2.526	2.577	2.509	1.18%
Apr 19, 2015	2.526	2.546	2.546	2.524	0.32%
Apr 17, 2015	2.518	2.576	2.594	2.501	-2.33%
Apr 16, 2015	2.578	2.543	2.597	2.522	1.50%
Apr 15, 2015	2.540	2.537	2.571	2.518	-0.12%
Apr 14, 2015	2.543	2.575	2.578	2.493	-1.24%
Apr 13, 2015	2.575	2.584	2.621	2.565	-0.36%
Apr 12, 2015	2.584	2.584	2.586	2.582	0.02%
Apr 10, 2015	2.584	2.598	2.603	2.551	-0.54%
Apr 09, 2015	2.598	2.527	2.607	2.504	2.69%
Apr 08, 2015	2.530	2.519	2.564	2.506	0.40%
Apr 07, 2015	2.520	2.556	2.572	2.516	-1.45%
Apr 06, 2015	2.557	2.528	2.575	2.445	2.74%
Apr 05, 2015	2.489	2.491	2.505	2.488	0.03%
Apr 03, 2015	2.488	2.528	2.569	2.445	-1.85%
Apr 02, 2015	2.535	2.464	2.537	2.441	2.80%
Apr 01, 2015	2.466	2.542	2.559	2.457	-2.91%
Mar 31, 2015	2.540	2.553	2.574	2.529	-0.47%
Mar 30, 2015	2.552	2.535	2.567	2.528	0.63%
Mar 29, 2015	2.536	2.536	2.538	2.534	0.04%
Mar 27, 2015	2.535	2.590	2.593	2.523	-2.01%
Mar 26, 2015	2.587	2.509	2.604	2.474	3.19%
Mar 25, 2015	2.507	2.468	2.514	2.444	1.66%
Mar 24, 2015	2.466	2.518	2.522	2.458	-1.71%
Mar 23, 2015	2.509	2.501	2.526	2.495	0.27%
Mar 22, 2015	2.502	2.504	2.504	2.502	-0.19%
Mar 20, 2015	2.507	2.525	2.537	2.497	-0.83%
Mar 19, 2015	2.528	2.506	2.555	2.496	0.76%
Mar 18, 2015	2.509	2.607	2.634	2.500	-3.76%
Mar 17, 2015	2.607	2.652	2.654	2.600	-1.47%
Mar 16, 2015	2.646	2.689	2.690	2.644	-1.64%
Mar 15, 2015	2.690	2.691	2.692	2.688	-0.37%
Mar 13, 2015	2.700	2.697	2.731	2.672	0.22%
Mar 12, 2015	2.694	2.678	2.708	2.634	0.34%
Mar 11, 2015	2.685	2.718	2.745	2.674	-0.85%
Mar 10, 2015	2.708	2.805	2.809	2.706	-3.15%
Mar 09, 2015	2.796	2.849	2.859	2.787	-1.86%
Mar 08, 2015	2.849	2.845	2.851	2.845	0.14%
Mar 06, 2015	2.845	2.732	2.870	2.707	4.37%
Mar 05, 2015	2.726	2.713	2.749	2.699	0.22%
Mar 04, 2015	2.720	2.717	2.736	2.689	0.11%
Mar 03, 2015	2.717	2.683	2.724	2.676	1.15%
Mar 02, 2015	2.686	2.600	2.701	2.593	3.24%
Mar 01, 2015	2.602	2.593	2.620	2.593	0.34%
Feb 27, 2015	2.593	2.622	2.649	2.590	-1.48%
Feb 26, 2015	2.632	2.574	2.639	2.533	2.33%
Feb 25, 2015	2.572	2.599	2.610	2.555	-0.46%
Feb 24, 2015	2.584	2.670	2.695	2.580	-2.78%
Feb 23, 2015	2.658	2.717	2.745	2.649	-2.21%
Feb 22, 2015	2.718	2.718	2.728	2.717	0.00%
Feb 20, 2015	2.718	2.744	2.747	2.658	-0.84%
Feb 19, 2015	2.741	2.711	2.744	2.677	0.92%
Feb 18, 2015	2.716	2.727	2.746	2.671	-0.62%
Feb 17, 2015	2.733	2.638	2.747	2.610	3.58%
Feb 16, 2015	2.639	2.638	2.642	2.635	-0.32%
Feb 13, 2015	2.647	2.576	2.655	2.564	2.68%
Feb 12, 2015	2.578	2.576	2.628	2.520	-0.39%
Feb 11, 2015	2.588	2.572	2.609	2.553	0.23%
Feb 10, 2015	2.582	2.549	2.596	2.541	1.25%
Feb 09, 2015	2.550	2.513	2.563	2.464	1.38%
Feb 08, 2015	2.515	2.531	2.533	2.512	-0.62%
Feb 06, 2015	2.531	2.433	2.540	2.409	4.20%
Feb 05, 2015	2.429	2.341	2.435	2.322	3.76%
Feb 04, 2015	2.341	2.376	2.440	2.336	-1.93%
Feb 03, 2015	2.387	2.259	2.394	2.251	5.76%
Feb 02, 2015	2.257	2.231	2.291	2.230	1.15%
Feb 01, 2015	2.231	2.223	2.240	2.223	0.38%
Jan 30, 2015	2.223	2.324	2.327	2.221	-4.14%
Jan 29, 2015	2.319	2.299	2.347	2.282	1.35%
Jan 28, 2015	2.288	2.397	2.408	2.273	-4.63%
Jan 27, 2015	2.399	2.403	2.409	2.328	0.04%
Jan 26, 2015	2.398	2.355	2.412	2.336	1.88%
Jan 25, 2015	2.354	2.354	2.354	2.354	-0.47%
Jan 23, 2015	2.365	2.451	2.455	2.361	-3.23%
Jan 22, 2015	2.444	2.462	2.552	2.403	-0.89%
Jan 21, 2015	2.466	2.386	2.467	2.350	3.66%
Jan 20, 2015	2.379	2.426	2.448	2.370	-1.95%
Jan 19, 2015	2.426	2.436	2.438	2.424	-0.81%
Jan 16, 2015	2.446	2.374	2.457	2.350	3.34%
Jan 15, 2015	2.367	2.472	2.501	2.354	-4.01%
Jan 14, 2015	2.466	2.503	2.503	2.395	-1.44%
Jan 13, 2015	2.502	2.499	2.531	2.461	0.28%
Jan 12, 2015	2.495	2.545	2.566	2.483	-1.45%
Jan 11, 2015	2.532	2.532	2.532	2.532	-0.02%
Jan 09, 2015	2.532	2.598	2.622	2.528	-2.58%
Jan 08, 2015	2.599	2.537	2.605	2.528	2.65%
Jan 07, 2015	2.532	2.507	2.572	2.495	1.32%
Jan 06, 2015	2.499	2.608	2.608	2.471	-4.00%
Jan 05, 2015	2.603	2.679	2.702	2.592	-2.79%
Jan 04, 2015	2.678	2.680	2.685	2.678	-0.42%
Jan 02, 2015	2.689	2.776	2.786	2.677	-2.18%
Dec 31, 2014	2.749	2.757	2.762	2.739	-0.36%
Dec 30, 2014	2.759	2.769	2.779	2.736	-0.50%
Dec 29, 2014	2.773	2.816	2.817	2.759	-1.54%
Dec 28, 2014	2.816	2.817	2.818	2.816	-0.02%
Dec 26, 2014	2.817	2.825	2.833	2.795	-0.28%
Dec 25, 2014	2.825	2.826	2.829	2.825	-0.32%
Dec 24, 2014	2.834	2.852	2.882	2.822	-0.84%
Dec 23, 2014	2.858	2.741	2.865	2.741	4.27%
Dec 22, 2014	2.741	2.757	2.787	2.740	-0.59%
Dec 21, 2014	2.757	2.761	2.761	2.757	0.12%
Dec 19, 2014	2.754	2.825	2.853	2.750	-2.27%
Dec 18, 2014	2.818	2.733	2.830	2.707	3.22%
Dec 17, 2014	2.730	2.694	2.770	2.682	1.49%
Dec 16, 2014	2.690	2.748	2.750	2.670	-1.90%
Dec 15, 2014	2.742	2.737	2.783	2.722	0.18%
Dec 14, 2014	2.737	2.741	2.742	2.737	-0.14%
Dec 12, 2014	2.741	2.811	2.815	2.736	-2.49%
Dec 11, 2014	2.811	2.835	2.873	2.805	-0.95%
Dec 10, 2014	2.838	2.875	2.882	2.821	-1.08%
Dec 09, 2014	2.869	2.907	2.914	2.841	-1.24%
Dec 08, 2014	2.905	2.967	2.998	2.891	-2.16%
Dec 07, 2014	2.969	2.977	2.977	2.969	0.14%
Dec 05, 2014	2.965	2.942	3.001	2.940	1.02%
Dec 04, 2014	2.935	2.987	2.998	2.935	-1.74%
Dec 03, 2014	2.987	3.012	3.017	2.985	-0.86%
Dec 02, 2014	3.013	2.965	3.016	2.947	1.69%
Dec 01, 2014	2.963	2.897	2.972	2.876	2.27%
Nov 30, 2014	2.897	2.893	2.898	2.890	0.15%
Nov 28, 2014	2.893	2.924	2.933	2.889	-1.08%
Nov 27, 2014	2.924	2.921	2.926	2.921	-1.00%
Nov 26, 2014	2.954	2.964	2.969	2.937	-0.34%
Nov 25, 2014	2.964	3.016	3.022	2.961	-1.79%
Nov 24, 2014	3.018	3.016	3.045	3.010	-0.04%
Nov 23, 2014	3.019	3.019	3.019	3.019	0.00%
Nov 21, 2014	3.019	3.057	3.060	3.013	-1.15%
Nov 20, 2014	3.054	3.078	3.078	3.018	-0.75%
Nov 19, 2014	3.077	3.041	3.082	3.031	1.22%
Nov 18, 2014	3.040	3.059	3.066	3.032	-0.78%
Nov 17, 2014	3.064	3.037	3.075	3.010	0.82%
Nov 16, 2014	3.039	3.043	3.048	3.038	-0.13%
Nov 14, 2014	3.043	3.071	3.089	3.042	-0.98%
Nov 13, 2014	3.073	3.105	3.110	3.065	-1.03%
Nov 12, 2014	3.105	3.090	3.108	3.044	0.48%
Nov 11, 2014	3.090	3.091	3.091	3.089	-0.06%
Nov 10, 2014	3.092	3.035	3.096	3.015	1.82%
Nov 09, 2014	3.037	3.037	3.038	3.037	0.12%
Nov 07, 2014	3.033	3.105	3.133	3.029	-2.19%
Nov 06, 2014	3.101	3.062	3.107	3.048	1.27%
Nov 05, 2014	3.062	3.049	3.083	3.037	0.43%
Nov 04, 2014	3.049	3.063	3.068	3.020	-0.59%
Nov 03, 2014	3.067	3.041	3.101	3.034	0.03%
Nov 02, 2014	3.066	3.066	3.066	3.066	0.01%
Oct 31, 2014	3.066	3.047	3.096	3.040	0.59%
Oct 30, 2014	3.048	3.038	3.059	3.008	-0.16%
Oct 29, 2014	3.053	3.069	3.125	3.038	-0.65%
Oct 28, 2014	3.073	3.037	3.073	3.024	1.19%
Oct 27, 2014	3.037	3.058	3.065	3.018	-0.69%
Oct 26, 2014	3.058	3.061	3.061	3.058	0.57%
Oct 24, 2014	3.041	3.046	3.055	3.002	-0.26%
Oct 23, 2014	3.049	2.992	3.073	2.976	1.84%
Oct 22, 2014	2.994	2.989	3.018	2.949	-0.20%
Oct 21, 2014	3.000	2.955	3.004	2.924	1.04%
Oct 20, 2014	2.969	2.989	2.995	2.935	-0.67%
Oct 19, 2014	2.989	2.998	2.998	2.989	0.53%
Oct 17, 2014	2.973	2.934	3.005	2.914	1.29%
Oct 16, 2014	2.935	2.907	2.958	2.776	0.89%
Oct 15, 2014	2.909	2.962	2.975	2.673	-1.46%
Oct 14, 2014	2.952	2.995	3.009	2.929	-1.42%
Oct 13, 2014	2.994	2.992	2.997	2.992	-0.65%
Oct 10, 2014	3.014	3.053	3.070	3.011	-1.60%
Oct 09, 2014	3.063	3.064	3.085	3.029	0.26%
Oct 08, 2014	3.055	3.053	3.091	3.039	0.30%
Oct 07, 2014	3.046	3.128	3.135	3.045	-2.59%
Oct 06, 2014	3.127	3.130	3.145	3.105	-0.09%
Oct 05, 2014	3.130	3.125	3.132	3.125	0.15%
Oct 03, 2014	3.125	3.150	3.276	3.123	-0.73%
Oct 02, 2014	3.148	3.089	3.155	3.089	1.65%
Oct 01, 2014	3.097	3.210	3.221	3.090	-3.28%
Sep 30, 2014	3.202	3.166	3.216	3.164	1.07%
Sep 29, 2014	3.168	3.203	3.217	3.159	-1.10%
Sep 28, 2014	3.203	3.207	3.207	3.202	-0.36%
Sep 27, 2014	3.215	3.215	3.215	3.215	-0.01%
Sep 26, 2014	3.215	3.217	3.256	3.195	0.09%
Sep 25, 2014	3.212	3.284	3.289	3.209	-2.07%
Sep 24, 2014	3.280	3.249	3.287	3.242	1.08%
Sep 23, 2014	3.245	3.276	3.280	3.241	-1.28%
Sep 22, 2014	3.287	3.279	3.295	3.261	0.24%
Sep 21, 2014	3.279	3.286	3.286	3.278	-0.24%
Sep 19, 2014	3.287	3.358	3.382	3.284	-1.85%
Sep 18, 2014	3.349	3.371	3.373	3.330	-0.56%
Sep 17, 2014	3.368	3.357	3.391	3.323	0.21%
Sep 16, 2014	3.361	3.350	3.365	3.308	0.48%
Sep 15, 2014	3.345	3.345	3.352	3.310	-0.18%
Sep 14, 2014	3.351	3.351	3.351	3.351	0.23%
Sep 13, 2014	3.343	3.343	3.343	3.343	0.01%
Sep 12, 2014	3.343	3.272	3.354	3.271	2.05%
Sep 11, 2014	3.276	3.269	3.283	3.236	0.12%
Sep 10, 2014	3.272	3.231	3.275	3.219	1.27%
Sep 09, 2014	3.231	3.232	3.254	3.219	0.25%
Sep 08, 2014	3.223	3.223	3.241	3.183	0.00%
Sep 07, 2014	3.223	3.222	3.226	3.222	-0.12%
Sep 05, 2014	3.227	3.227	3.241	3.170	0.53%
Sep 04, 2014	3.210	3.148	3.216	3.135	2.13%
Sep 03, 2014	3.143	3.174	3.216	3.141	-1.07%
Sep 02, 2014	3.177	3.092	3.178	3.089	2.75%
Sep 01, 2014	3.092	3.094	3.094	3.092	0.26%
Aug 31, 2014	3.084	3.084	3.084	3.084	0.00%
Aug 29, 2014	3.084	3.078	3.094	3.059	0.29%
Aug 28, 2014	3.075	3.102	3.109	3.059	-0.97%
Aug 27, 2014	3.105	3.161	3.161	3.100	-1.83%
Aug 26, 2014	3.163	3.132	3.164	3.121	0.96%
Aug 25, 2014	3.133	3.168	3.169	3.128	-1.10%
Aug 24, 2014	3.168	3.170	3.170	3.167	0.28%
Aug 22, 2014	3.159	3.192	3.211	3.152	-0.97%
Aug 21, 2014	3.190	3.227	3.241	3.184	-0.87%
Aug 20, 2014	3.218	3.212	3.243	3.204	0.06%
Aug 19, 2014	3.216	3.200	3.223	3.164	0.56%
Aug 18, 2014	3.198	3.147	3.202	3.138	1.63%
Aug 17, 2014	3.147	3.148	3.148	3.146	0.54%
Aug 15, 2014	3.130	3.204	3.209	3.106	-1.97%
Aug 14, 2014	3.193	3.247	3.256	3.188	-1.63%
Aug 13, 2014	3.246	3.283	3.292	3.237	-0.92%
Aug 12, 2014	3.276	3.245	3.277	3.233	1.05%
Aug 11, 2014	3.242	3.239	3.247	3.220	0.06%
Aug 10, 2014	3.240	3.230	3.240	3.230	0.31%
Aug 08, 2014	3.230	3.230	3.242	3.178	0.28%
Aug 07, 2014	3.221	3.271	3.281	3.219	-1.44%
Aug 06, 2014	3.268	3.284	3.287	3.225	-0.55%
Aug 05, 2014	3.286	3.294	3.328	3.273	-0.15%
Aug 04, 2014	3.291	3.286	3.299	3.270	0.14%
Aug 03, 2014	3.286	3.282	3.286	3.282	0.12%
Aug 02, 2014	3.282	3.282	3.282	3.282	0.01%
Aug 01, 2014	3.282	3.320	3.370	3.268	-1.11%
Jul 31, 2014	3.319	3.314	3.373	3.294	0.18%
Jul 30, 2014	3.313	3.221	3.314	3.221	2.67%
Jul 29, 2014	3.227	3.256	3.262	3.217	-0.86%
Jul 28, 2014	3.255	3.242	3.266	3.229	0.41%
Jul 27, 2014	3.242	3.239	3.243	3.239	0.08%
Jul 25, 2014	3.239	3.294	3.304	3.237	-1.64%
Jul 24, 2014	3.293	3.268	3.309	3.256	0.86%
Jul 23, 2014	3.265	3.254	3.266	3.240	0.37%
Jul 22, 2014	3.253	3.262	3.292	3.247	-0.15%
Jul 21, 2014	3.258	3.286	3.292	3.239	-0.92%
Jul 20, 2014	3.288	3.288	3.288	3.288	0.00%
Jul 18, 2014	3.288	3.274	3.315	3.269	0.74%
Jul 17, 2014	3.264	3.337	3.337	3.260	-2.28%
Jul 16, 2014	3.340	3.365	3.382	3.338	-0.95%
Jul 15, 2014	3.372	3.373	3.395	3.346	0.00%
Jul 14, 2014	3.372	3.344	3.373	3.334	0.86%
Jul 13, 2014	3.343	3.342	3.344	3.342	0.20%
Jul 12, 2014	3.337	3.337	3.337	3.337	-0.01%
Jul 11, 2014	3.337	3.367	3.375	3.334	-1.01%
Jul 10, 2014	3.371	3.382	3.383	3.323	-0.21%
Jul 09, 2014	3.378	3.373	3.397	3.358	0.03%
Jul 08, 2014	3.377	3.438	3.441	3.373	-1.77%
Jul 07, 2014	3.438	3.477	3.484	3.427	-1.15%
Jul 06, 2014	3.478	3.470	3.478	3.470	0.23%
Jul 03, 2014	3.470	3.459	3.516	3.450	0.20%
Jul 02, 2014	3.463	3.401	3.468	3.382	1.88%
Jul 01, 2014	3.399	3.362	3.402	3.348	1.13%
Jun 30, 2014	3.361	3.365	3.372	3.337	-0.12%
Jun 29, 2014	3.365	3.368	3.368	3.363	-0.09%
Jun 27, 2014	3.368	3.353	3.372	3.336	0.33%
Jun 26, 2014	3.357	3.384	3.387	3.335	-0.77%
Jun 25, 2014	3.383	3.398	3.412	3.358	-0.41%
Jun 24, 2014	3.397	3.451	3.451	3.394	-1.62%
Jun 23, 2014	3.453	3.441	3.457	3.414	0.39%
Jun 22, 2014	3.440	3.434	3.440	3.434	0.16%
Jun 20, 2014	3.434	3.468	3.499	3.433	-0.92%
Jun 19, 2014	3.466	3.405	3.492	3.396	1.82%
Jun 18, 2014	3.404	3.448	3.457	3.383	-1.13%
Jun 17, 2014	3.443	3.400	3.447	3.387	1.41%
Jun 16, 2014	3.395	3.408	3.416	3.352	-0.39%
Jun 15, 2014	3.408	3.412	3.412	3.408	-0.25%
Jun 13, 2014	3.417	3.413	3.449	3.387	0.06%
Jun 12, 2014	3.415	3.468	3.486	3.403	-1.53%
Jun 11, 2014	3.468	3.484	3.487	3.445	-0.17%
Jun 10, 2014	3.474	3.440	3.481	3.424	0.84%
Jun 09, 2014	3.445	3.438	3.462	3.429	0.23%
Jun 08, 2014	3.437	3.439	3.439	3.437	-0.08%
Jun 06, 2014	3.440	3.434	3.490	3.392	0.12%
Jun 05, 2014	3.436	3.435	3.493	3.420	-0.23%
Jun 04, 2014	3.444	3.437	3.454	3.408	0.15%
Jun 03, 2014	3.439	3.370	3.444	3.360	2.11%
Jun 02, 2014	3.368	3.333	3.390	3.324	1.06%
Jun 01, 2014	3.333	3.327	3.333	3.327	0.17%
May 30, 2014	3.327	3.324	3.340	3.305	-0.06%
May 29, 2014	3.329	3.298	3.330	3.266	1.09%
May 28, 2014	3.293	3.362	3.362	3.286	-2.14%
May 27, 2014	3.365	3.400	3.410	3.360	-1.06%
May 26, 2014	3.401	3.402	3.403	3.400	0.08%
May 25, 2014	3.398	3.398	3.398	3.398	0.01%
May 23, 2014	3.398	3.423	3.425	3.383	-0.85%
May 22, 2014	3.427	3.423	3.451	3.405	0.38%
May 21, 2014	3.414	3.382	3.437	3.382	0.77%
May 20, 2014	3.388	3.385	3.403	3.352	0.00%
May 19, 2014	3.388	3.343	3.396	3.324	1.33%
May 18, 2014	3.343	3.343	3.344	3.343	-0.07%
May 16, 2014	3.346	3.333	3.355	3.323	0.42%
May 15, 2014	3.332	3.373	3.392	3.303	-1.33%
May 14, 2014	3.377	3.449	3.457	3.364	-1.95%
May 13, 2014	3.444	3.494	3.495	3.441	-1.49%
May 12, 2014	3.496	3.468	3.503	3.468	0.79%
May 11, 2014	3.468	3.465	3.470	3.465	0.10%
May 09, 2014	3.465	3.445	3.480	3.416	1.02%
May 08, 2014	3.430	3.407	3.438	3.370	0.82%
May 07, 2014	3.402	3.389	3.411	3.368	0.50%
May 06, 2014	3.385	3.405	3.421	3.371	-0.50%
May 05, 2014	3.402	3.357	3.411	3.355	1.09%
May 04, 2014	3.365	3.365	3.365	3.365	0.01%
May 02, 2014	3.365	3.412	3.475	3.349	-1.26%
May 01, 2014	3.408	3.471	3.479	3.399	-1.42%
Apr 30, 2014	3.457	3.487	3.516	3.456	-1.06%
Apr 29, 2014	3.494	3.495	3.523	3.483	0.00%
Apr 28, 2014	3.494	3.449	3.497	3.445	1.32%
Apr 27, 2014	3.449	3.448	3.449	3.448	0.13%
Apr 25, 2014	3.444	3.456	3.458	3.418	-0.35%
Apr 24, 2014	3.456	3.485	3.509	3.453	-0.52%
Apr 23, 2014	3.474	3.498	3.508	3.464	-0.54%
Apr 22, 2014	3.493	3.524	3.540	3.490	-0.74%
Apr 21, 2014	3.519	3.517	3.526	3.484	0.06%
Apr 20, 2014	3.517	3.513	3.518	3.513	-0.01%
Apr 17, 2014	3.517	3.449	3.524	3.439	1.97%
Apr 16, 2014	3.449	3.459	3.496	3.444	-0.43%
Apr 15, 2014	3.464	3.489	3.501	3.435	-0.77%
Apr 14, 2014	3.491	3.467	3.501	3.466	0.72%
Apr 13, 2014	3.466	3.489	3.489	3.466	-0.66%
Apr 11, 2014	3.489	3.507	3.524	3.472	-0.71%
Apr 10, 2014	3.514	3.581	3.587	3.500	-1.68%
Apr 09, 2014	3.574	3.543	3.582	3.543	0.93%
Apr 08, 2014	3.541	3.563	3.576	3.535	-0.45%
Apr 07, 2014	3.557	3.580	3.602	3.545	-0.65%
Apr 06, 2014	3.580	3.587	3.587	3.580	-0.19%
Apr 04, 2014	3.587	3.627	3.648	3.575	-1.21%
Apr 03, 2014	3.631	3.647	3.649	3.612	-0.49%
Apr 02, 2014	3.649	3.606	3.654	3.606	1.16%
Apr 01, 2014	3.607	3.563	3.615	3.563	1.32%
Mar 31, 2014	3.560	3.549	3.606	3.547	0.31%
Mar 30, 2014	3.549	3.547	3.549	3.547	0.03%
Mar 28, 2014	3.548	3.527	3.568	3.513	0.57%
Mar 27, 2014	3.528	3.542	3.557	3.493	-0.40%
Mar 26, 2014	3.542	3.594	3.608	3.538	-1.39%
Mar 25, 2014	3.592	3.566	3.612	3.559	0.84%
Mar 24, 2014	3.562	3.652	3.664	3.559	-1.52%
Mar 23, 2014	3.617	3.609	3.699	3.609	0.22%
Mar 21, 2014	3.609	3.652	3.664	3.602	-1.53%
Mar 20, 2014	3.665	3.654	3.672	3.612	0.16%
Mar 19, 2014	3.659	3.615	3.684	3.606	1.22%
Mar 18, 2014	3.615	3.628	3.639	3.603	-0.44%
Mar 17, 2014	3.631	3.584	3.634	3.584	1.34%
Mar 16, 2014	3.583	3.597	3.597	3.582	-0.47%
Mar 14, 2014	3.600	3.592	3.603	3.556	0.25%
Mar 13, 2014	3.591	3.674	3.687	3.587	-2.26%
Mar 12, 2014	3.674	3.711	3.714	3.653	-0.97%
Mar 11, 2014	3.710	3.721	3.733	3.704	-0.35%
Mar 10, 2014	3.723	3.721	3.737	3.701	-0.03%
Mar 09, 2014	3.724	3.724	3.727	3.723	0.08%
Mar 07, 2014	3.721	3.695	3.752	3.671	0.79%
Mar 06, 2014	3.692	3.648	3.694	3.640	1.21%
Mar 05, 2014	3.648	3.644	3.659	3.623	-0.03%
Mar 04, 2014	3.649	3.560	3.652	3.556	2.64%
Mar 03, 2014	3.555	3.558	3.575	3.536	-0.10%
Mar 02, 2014	3.558	3.586	3.586	3.557	-0.71%
Feb 28, 2014	3.584	3.599	3.637	3.580	-0.22%
Feb 27, 2014	3.592	3.630	3.637	3.592	-0.96%
Feb 26, 2014	3.627	3.662	3.675	3.625	-0.90%
Feb 25, 2014	3.660	3.701	3.703	3.655	-1.08%
Feb 24, 2014	3.700	3.697	3.720	3.684	0.11%
Feb 23, 2014	3.696	3.699	3.699	3.696	0.03%
Feb 21, 2014	3.695	3.724	3.743	3.692	-0.78%
Feb 20, 2014	3.724	3.708	3.743	3.679	0.30%
Feb 19, 2014	3.713	3.678	3.715	3.652	0.92%
Feb 18, 2014	3.679	3.700	3.714	3.660	-0.55%
Feb 17, 2014	3.700	3.699	3.701	3.699	0.04%
Feb 14, 2014	3.698	3.696	3.709	3.673	0.38%
Feb 13, 2014	3.684	3.717	3.717	3.676	-1.02%
Feb 12, 2014	3.722	3.687	3.737	3.683	0.87%
Feb 11, 2014	3.690	3.662	3.706	3.661	1.01%
Feb 10, 2014	3.653	3.672	3.687	3.650	-0.51%
Feb 09, 2014	3.672	3.679	3.679	3.670	-0.06%
Feb 07, 2014	3.674	3.667	3.702	3.623	0.14%
Feb 06, 2014	3.669	3.647	3.684	3.639	0.55%
Feb 05, 2014	3.649	3.599	3.657	3.580	1.30%
Feb 04, 2014	3.602	3.537	3.607	3.526	1.98%
Feb 03, 2014	3.532	3.614	3.632	3.525	-2.29%
Feb 02, 2014	3.615	3.602	3.615	3.602	0.43%
Jan 31, 2014	3.599	3.640	3.649	3.594	-1.04%
Jan 30, 2014	3.637	3.627	3.665	3.617	0.53%
Jan 29, 2014	3.618	3.694	3.710	3.608	-1.52%
Jan 28, 2014	3.674	3.668	3.701	3.665	0.19%
Jan 27, 2014	3.667	3.632	3.684	3.628	0.91%
Jan 26, 2014	3.634	3.637	3.637	3.631	-0.02%
Jan 24, 2014	3.635	3.682	3.693	3.633	-1.33%
Jan 23, 2014	3.684	3.766	3.766	3.661	-2.07%
Jan 22, 2014	3.762	3.743	3.766	3.734	0.32%
Jan 21, 2014	3.750	3.750	3.778	3.734	0.01%
Jan 20, 2014	3.750	3.751	3.751	3.750	-0.03%
Jan 17, 2014	3.751	3.772	3.788	3.746	-0.58%
Jan 16, 2014	3.773	3.822	3.824	3.769	-1.33%
Jan 15, 2014	3.824	3.806	3.835	3.797	0.53%
Jan 14, 2014	3.804	3.784	3.806	3.773	0.77%
Jan 13, 2014	3.775	3.798	3.809	3.763	-0.68%
Jan 12, 2014	3.801	3.801	3.801	3.801	-0.03%
Jan 10, 2014	3.802	3.883	3.891	3.795	-2.01%
Jan 09, 2014	3.880	3.889	3.908	3.866	-0.36%
Jan 08, 2014	3.894	3.888	3.932	3.884	0.21%
Jan 07, 2014	3.886	3.902	3.907	3.880	-0.41%
Jan 06, 2014	3.902	3.941	3.942	3.879	-0.97%
Jan 05, 2014	3.940	3.931	3.943	3.931	0.37%
Jan 03, 2014	3.926	3.917	3.951	3.908	0.08%
Jan 02, 2014	3.923	3.965	3.983	3.909	-1.04%
Jan 01, 2014	3.964	3.964	3.964	3.964	0.01%
Dec 31, 2013	3.964	3.908	3.974	3.898	1.56%
Dec 30, 2013	3.903	4.001	4.001	3.895	-2.52%
Dec 29, 2013	4.004	3.940	4.004	3.940	1.62%
Dec 27, 2013	3.940	3.925	3.950	3.908	0.36%
Dec 26, 2013	3.926	3.912	3.931	3.890	0.40%
Dec 25, 2013	3.910	3.897	3.910	3.897	0.34%
Dec 24, 2013	3.897	3.851	3.902	3.834	1.19%
Dec 23, 2013	3.851	3.812	3.853	3.779	0.62%
Dec 22, 2013	3.827	3.827	3.827	3.827	0.01%
Dec 20, 2013	3.827	3.922	3.922	3.814	-2.15%
Dec 19, 2013	3.911	3.898	3.918	3.883	0.10%
Dec 18, 2013	3.907	3.872	3.953	3.847	1.03%
Dec 17, 2013	3.867	3.889	3.917	3.867	-0.74%
Dec 16, 2013	3.896	3.874	3.901	3.842	0.52%
Dec 15, 2013	3.876	3.875	3.877	3.873	0.02%
Dec 13, 2013	3.875	3.893	3.910	3.866	-0.51%
Dec 12, 2013	3.895	3.886	3.905	3.863	0.21%
Dec 11, 2013	3.887	3.852	3.888	3.836	1.22%
Dec 10, 2013	3.840	3.875	3.878	3.827	-0.83%
Dec 09, 2013	3.872	3.897	3.899	3.869	-0.65%
Dec 08, 2013	3.897	3.903	3.903	3.897	0.19%
Dec 06, 2013	3.890	3.919	3.980	3.882	-0.66%
Dec 05, 2013	3.916	3.901	3.925	3.883	0.33%
Dec 04, 2013	3.903	3.851	3.916	3.843	1.48%
Dec 03, 2013	3.846	3.861	3.867	3.828	-0.31%
Dec 02, 2013	3.858	3.825	3.869	3.824	0.89%
Dec 01, 2013	3.824	3.817	3.827	3.817	0.18%
Nov 29, 2013	3.817	3.821	3.842	3.804	-0.16%
Nov 28, 2013	3.823	3.815	3.823	3.815	0.16%
Nov 27, 2013	3.817	3.806	3.842	3.795	0.45%
Nov 26, 2013	3.800	3.806	3.822	3.784	-0.52%
Nov 25, 2013	3.820	3.835	3.854	3.812	-0.38%
Nov 24, 2013	3.835	3.833	3.837	3.833	0.04%
Nov 22, 2013	3.833	3.887	3.899	3.828	-1.44%
Nov 21, 2013	3.889	3.927	3.938	3.879	-0.69%
Nov 20, 2013	3.916	3.803	3.917	3.784	2.94%
Nov 19, 2013	3.804	3.757	3.808	3.749	1.25%
Nov 18, 2013	3.757	3.804	3.809	3.751	-1.25%
Nov 17, 2013	3.804	3.796	3.807	3.796	0.22%
Nov 15, 2013	3.796	3.794	3.820	3.787	0.18%
Nov 14, 2013	3.789	3.818	3.825	3.763	-0.97%
Nov 13, 2013	3.826	3.859	3.861	3.812	-0.80%
Nov 12, 2013	3.857	3.872	3.887	3.848	-0.38%
Nov 11, 2013	3.872	3.869	3.874	3.869	0.62%
Nov 08, 2013	3.848	3.713	3.855	3.705	3.80%
Nov 07, 2013	3.707	3.778	3.783	3.704	-1.83%
Nov 06, 2013	3.776	3.771	3.787	3.752	0.13%
Nov 05, 2013	3.771	3.696	3.773	3.687	2.08%
Nov 04, 2013	3.694	3.695	3.705	3.672	-0.01%
Nov 03, 2013	3.694	3.694	3.694	3.694	0.01%
Nov 01, 2013	3.694	3.643	3.702	3.637	1.51%
Oct 31, 2013	3.639	3.645	3.659	3.610	-0.08%
Oct 30, 2013	3.642	3.617	3.656	3.590	0.80%
Oct 29, 2013	3.613	3.615	3.634	3.601	-0.14%
Oct 28, 2013	3.618	3.601	3.621	3.590	0.43%
Oct 27, 2013	3.602	3.601	3.602	3.601	0.04%
Oct 25, 2013	3.601	3.614	3.614	3.585	-0.33%
Oct 24, 2013	3.613	3.591	3.615	3.565	0.64%
Oct 23, 2013	3.590	3.608	3.613	3.567	-0.58%
Oct 22, 2013	3.611	3.675	3.682	3.601	-1.66%
Oct 21, 2013	3.672	3.654	3.689	3.647	0.51%
Oct 20, 2013	3.653	3.654	3.654	3.652	0.12%
Oct 18, 2013	3.649	3.666	3.672	3.617	-0.33%
Oct 17, 2013	3.661	3.730	3.730	3.650	-1.64%
Oct 16, 2013	3.722	3.799	3.804	3.715	-1.61%
Oct 15, 2013	3.783	3.796	3.797	3.749	-0.35%
Oct 14, 2013	3.796	3.795	3.796	3.794	1.37%
Oct 11, 2013	3.745	3.734	3.749	3.697	0.32%
Oct 10, 2013	3.733	3.744	3.787	3.730	-0.08%
Oct 09, 2013	3.736	3.692	3.744	3.685	1.14%
Oct 08, 2013	3.694	3.695	3.726	3.678	-0.03%
Oct 07, 2013	3.695	3.719	3.721	3.685	-0.67%
Oct 06, 2013	3.720	3.718	3.720	3.718	0.02%
Oct 04, 2013	3.719	3.730	3.740	3.710	0.35%
Oct 03, 2013	3.706	3.704	3.733	3.679	0.11%
Oct 02, 2013	3.702	3.722	3.726	3.673	-0.38%
Oct 01, 2013	3.716	3.688	3.733	3.685	0.65%
Sep 30, 2013	3.692	3.680	3.704	3.656	0.58%
Sep 29, 2013	3.671	3.685	3.685	3.670	-0.42%
Sep 27, 2013	3.686	3.698	3.718	3.668	-0.32%
Sep 26, 2013	3.698	3.676	3.701	3.665	0.87%
Sep 25, 2013	3.666	3.671	3.693	3.642	-0.08%
Sep 24, 2013	3.669	3.729	3.733	3.665	-1.58%
Sep 23, 2013	3.728	3.764	3.779	3.724	-0.96%
Sep 22, 2013	3.764	3.764	3.764	3.764	0.00%
Sep 20, 2013	3.764	3.805	3.818	3.754	-0.92%
Sep 19, 2013	3.799	3.776	3.810	3.747	1.39%
Sep 18, 2013	3.747	3.827	3.881	3.731	-2.19%
Sep 17, 2013	3.831	3.871	3.875	3.824	-0.83%
Sep 16, 2013	3.863	3.839	3.879	3.783	0.64%
Sep 15, 2013	3.839	3.839	3.839	3.839	0.01%
Sep 13, 2013	3.838	3.856	3.882	3.817	-0.29%
Sep 12, 2013	3.849	3.857	3.859	3.807	-0.05%
Sep 11, 2013	3.851	3.901	3.913	3.847	-1.10%
Sep 10, 2013	3.894	3.856	3.901	3.845	1.09%
Sep 09, 2013	3.852	3.922	3.922	3.816	-0.64%
Sep 08, 2013	3.877	3.867	3.922	3.867	0.26%
Sep 07, 2013	3.867	3.867	3.867	3.867	-0.01%
Sep 06, 2013	3.867	3.883	3.905	3.810	-0.49%
Sep 05, 2013	3.886	3.796	3.894	3.784	2.37%
Sep 04, 2013	3.796	3.792	3.813	3.770	0.08%
Sep 03, 2013	3.793	3.741	3.831	3.728	1.51%
Sep 02, 2013	3.736	3.741	3.742	3.728	0.54%
Sep 01, 2013	3.716	3.716	3.716	3.716	0.01%
Aug 30, 2013	3.716	3.719	3.742	3.673	0.08%
Aug 29, 2013	3.713	3.746	3.783	3.691	-0.62%
Aug 28, 2013	3.736	3.699	3.767	3.684	1.19%
Aug 27, 2013	3.692	3.778	3.792	3.689	-1.99%
Aug 26, 2013	3.767	3.804	3.846	3.767	-0.90%
Aug 25, 2013	3.801	3.804	3.804	3.801	0.09%
Aug 23, 2013	3.798	3.877	3.897	3.791	-1.99%
Aug 22, 2013	3.875	3.922	3.940	3.860	-1.17%
Aug 21, 2013	3.921	3.858	3.924	3.847	1.74%
Aug 20, 2013	3.854	3.895	3.901	3.841	-1.20%
Aug 19, 2013	3.901	3.864	3.914	3.854	0.89%
Aug 18, 2013	3.866	3.864	3.866	3.859	0.51%
Aug 16, 2013	3.847	3.807	3.885	3.800	1.08%
Aug 15, 2013	3.806	3.743	3.838	3.737	1.57%
Aug 14, 2013	3.747	3.759	3.763	3.735	-0.32%
Aug 13, 2013	3.759	3.693	3.767	3.691	2.06%
Aug 12, 2013	3.683	3.635	3.688	3.602	1.45%
Aug 11, 2013	3.630	3.636	3.636	3.630	-0.17%
Aug 10, 2013	3.636	3.636	3.636	3.636	0.01%
Aug 09, 2013	3.636	3.656	3.674	3.631	-1.06%
Aug 08, 2013	3.675	3.686	3.691	3.640	-0.27%
Aug 07, 2013	3.685	3.725	3.729	3.675	-1.18%
Aug 06, 2013	3.729	3.731	3.759	3.718	-0.08%
Aug 05, 2013	3.732	3.686	3.749	3.685	1.19%
Aug 03, 2013	3.688	3.688	3.688	3.688	0.01%
Aug 02, 2013	3.688	3.760	3.781	3.685	-1.76%
Aug 01, 2013	3.754	3.650	3.774	3.645	2.96%
Jul 31, 2013	3.646	3.679	3.742	3.629	-0.76%
Jul 30, 2013	3.674	3.675	3.684	3.639	0.08%
Jul 29, 2013	3.671	3.621	3.676	3.609	1.36%
Jul 27, 2013	3.622	3.622	3.622	3.622	-0.01%
Jul 26, 2013	3.622	3.648	3.653	3.609	-0.66%
Jul 25, 2013	3.646	3.648	3.688	3.633	0.03%
Jul 24, 2013	3.645	3.581	3.688	3.581	1.82%
Jul 23, 2013	3.580	3.557	3.605	3.540	0.87%
Jul 22, 2013	3.549	3.565	3.565	3.532	-0.29%
Jul 20, 2013	3.559	3.559	3.559	3.559	0.01%
Jul 19, 2013	3.559	3.632	3.640	3.556	-2.12%
Jul 18, 2013	3.636	3.577	3.645	3.562	1.65%
Jul 17, 2013	3.577	3.589	3.621	3.544	-0.14%
Jul 16, 2013	3.582	3.598	3.611	3.570	-0.36%
Jul 15, 2013	3.595	3.635	3.685	3.590	-1.11%
Jul 13, 2013	3.635	3.635	3.635	3.635	0.01%
Jul 12, 2013	3.635	3.623	3.653	3.588	0.25%
Jul 11, 2013	3.626	3.600	3.673	3.593	-1.55%
Jul 10, 2013	3.683	3.651	3.793	3.632	0.88%
Jul 09, 2013	3.651	3.636	3.659	3.628	0.41%
Jul 08, 2013	3.636	3.708	3.722	3.631	-1.95%
Jul 06, 2013	3.708	3.708	3.708	3.708	0.01%
Jul 05, 2013	3.708	3.511	3.717	3.494	6.15%
Jul 04, 2013	3.493	3.493	3.493	3.493	0.00%
Jul 03, 2013	3.493	3.480	3.499	3.418	0.52%
Jul 02, 2013	3.475	3.483	3.489	3.451	-0.06%
Jul 01, 2013	3.477	3.507	3.559	3.474	-0.64%
Jun 29, 2013	3.499	3.499	3.499	3.499	0.01%
Jun 28, 2013	3.499	3.543	3.580	3.488	-0.99%
Jun 27, 2013	3.534	3.575	3.601	3.516	-1.37%
Jun 26, 2013	3.583	3.633	3.638	3.556	-1.27%
Jun 25, 2013	3.629	3.545	3.631	3.508	2.02%
Jun 24, 2013	3.557	3.587	3.652	3.543	-1.05%
Jun 23, 2013	3.595	3.595	3.595	3.595	0.00%
Jun 22, 2013	3.595	3.595	3.595	3.595	-0.00%
Jun 21, 2013	3.595	3.502	3.601	3.467	2.19%
Jun 20, 2013	3.518	3.421	3.548	3.401	2.75%
Jun 19, 2013	3.424	3.343	3.429	3.316	2.48%
Jun 18, 2013	3.341	3.349	3.377	3.325	-0.27%
Jun 17, 2013	3.350	3.319	3.358	3.286	1.40%
Jun 16, 2013	3.304	3.304	3.304	3.304	0.00%
Jun 15, 2013	3.304	3.304	3.304	3.304	-0.01%
Jun 14, 2013	3.304	3.326	3.333	3.272	-0.27%
Jun 13, 2013	3.313	3.373	3.374	3.295	-1.75%
Jun 12, 2013	3.372	3.319	3.385	3.304	1.63%
Jun 11, 2013	3.318	3.371	3.433	3.300	-1.57%
Jun 10, 2013	3.371	3.341	3.382	3.313	0.83%
Jun 08, 2013	3.343	3.343	3.343	3.343	0.00%
Jun 07, 2013	3.343	3.238	3.344	3.204	3.18%
Jun 06, 2013	3.240	3.247	3.286	3.169	-0.15%
Jun 05, 2013	3.245	3.317	3.318	3.237	-2.08%
Jun 04, 2013	3.314	3.273	3.318	3.255	1.44%
Jun 03, 2013	3.267	3.306	3.330	3.226	-0.34%
Jun 01, 2013	3.278	3.278	3.278	3.278	0.01%
May 31, 2013	3.278	3.275	3.356	3.233	-0.09%
May 30, 2013	3.281	3.265	3.293	3.246	0.46%
May 29, 2013	3.266	3.318	3.370	3.259	-1.83%
May 28, 2013	3.327	3.191	3.338	3.190	4.77%
May 25, 2013	3.175	3.175	3.175	3.175	0.01%
May 24, 2013	3.175	3.201	3.214	3.151	-0.47%
May 23, 2013	3.190	3.228	3.244	3.145	-0.87%
May 22, 2013	3.218	3.122	3.231	3.100	2.75%
May 21, 2013	3.132	3.172	3.200	3.128	-1.35%
May 20, 2013	3.175	3.169	3.186	3.127	0.15%
May 18, 2013	3.170	3.170	3.170	3.170	0.01%
May 17, 2013	3.170	3.097	3.174	3.079	2.39%
May 16, 2013	3.096	3.156	3.174	3.076	-2.09%
May 15, 2013	3.162	3.189	3.199	3.136	-1.19%
May 14, 2013	3.200	3.123	3.201	3.101	2.33%
May 13, 2013	3.127	3.142	3.146	3.094	1.00%
May 11, 2013	3.096	3.096	3.096	3.096	-0.00%
May 10, 2013	3.096	3.021	3.132	3.012	3.37%
May 09, 2013	2.995	2.989	3.007	2.947	0.27%
May 08, 2013	2.987	2.996	3.021	2.969	-0.33%
May 07, 2013	2.997	2.978	3.005	2.960	0.57%
May 06, 2013	2.980	2.955	2.991	2.944	0.85%
May 03, 2013	2.955	2.820	2.966	2.820	4.79%
May 02, 2013	2.820	2.829	2.865	2.818	-0.32%
May 01, 2013	2.829	2.873	2.888	2.810	-1.77%
Apr 30, 2013	2.880	2.880	2.893	2.847	0.17%
Apr 29, 2013	2.875	2.862	2.888	2.846	0.45%
Apr 26, 2013	2.862	2.912	2.913	2.856	-1.48%
Apr 25, 2013	2.905	2.897	2.919	2.890	0.35%
Apr 24, 2013	2.895	2.902	2.921	2.884	-0.21%
Apr 23, 2013	2.901	2.878	2.905	2.823	0.76%
Apr 22, 2013	2.879	2.890	2.921	2.860	-0.14%
Apr 19, 2013	2.883	2.866	2.891	2.864	0.70%
Apr 18, 2013	2.863	2.878	2.909	2.857	-0.59%
Apr 17, 2013	2.880	2.908	2.913	2.846	-0.96%
Apr 16, 2013	2.908	2.867	2.921	2.865	1.39%
Apr 15, 2013	2.868	2.915	2.945	2.858	-1.71%
Apr 12, 2013	2.918	3.000	3.000	2.915	-2.64%
Apr 11, 2013	2.997	3.004	3.010	2.982	-0.27%
Apr 10, 2013	3.005	2.945	3.007	2.928	2.28%
Apr 09, 2013	2.938	2.917	2.942	2.900	0.93%
Apr 08, 2013	2.911	2.877	2.920	2.868	1.18%
Apr 05, 2013	2.877	2.994	2.998	2.842	-3.81%
Apr 04, 2013	2.991	3.045	3.069	2.985	-2.16%
Apr 03, 2013	3.057	3.101	3.115	3.037	-1.39%
Apr 02, 2013	3.100	3.078	3.110	3.063	0.71%
Apr 01, 2013	3.078	3.140	3.140	3.073	-0.84%
Mar 28, 2013	3.104	3.089	3.117	3.073	0.58%
Mar 27, 2013	3.086	3.147	3.152	3.071	-1.81%
Mar 26, 2013	3.143	3.148	3.167	3.125	-0.10%
Mar 25, 2013	3.146	3.169	3.192	3.117	-0.10%
Mar 22, 2013	3.149	3.131	3.165	3.117	0.45%
Mar 21, 2013	3.135	3.194	3.205	3.128	-1.97%
Mar 20, 2013	3.198	3.131	3.221	3.126	2.14%
Mar 19, 2013	3.131	3.183	3.198	3.112	-1.63%
Mar 18, 2013	3.183	3.131	3.195	3.114	-0.90%
Mar 15, 2013	3.212	3.241	3.251	3.207	-0.93%
Mar 14, 2013	3.242	3.223	3.258	3.217	0.68%
Mar 13, 2013	3.220	3.218	3.247	3.198	0.12%
Mar 12, 2013	3.216	3.271	3.274	3.211	-1.35%
Mar 11, 2013	3.260	3.251	3.270	3.237	0.37%
Mar 08, 2013	3.248	3.208	3.286	3.202	1.47%
Mar 07, 2013	3.201	3.148	3.207	3.135	1.52%
Mar 06, 2013	3.153	3.106	3.157	3.104	1.48%
Mar 05, 2013	3.107	3.087	3.118	3.082	0.62%
Mar 04, 2013	3.088	3.049	3.090	3.037	1.08%
Mar 01, 2013	3.055	3.086	3.086	3.045	-1.13%
Feb 28, 2013	3.090	3.095	3.115	3.072	-0.26%
Feb 27, 2013	3.098	3.080	3.115	3.035	0.55%
Feb 26, 2013	3.081	3.075	3.086	3.030	0.65%
Feb 25, 2013	3.061	3.168	3.197	3.050	-2.89%
Feb 22, 2013	3.152	3.170	3.187	3.146	-0.41%
Feb 21, 2013	3.165	3.201	3.208	3.146	-1.12%
Feb 20, 2013	3.201	3.212	3.240	3.192	-0.25%
Feb 19, 2013	3.209	3.184	3.216	3.161	0.91%
Feb 15, 2013	3.180	3.165	3.206	3.143	0.06%
Feb 14, 2013	3.178	3.234	3.245	3.169	-1.76%
Feb 13, 2013	3.235	3.189	3.245	3.182	1.44%
Feb 12, 2013	3.189	3.174	3.195	3.160	0.47%
Feb 11, 2013	3.174	3.163	3.189	3.150	0.35%
Feb 08, 2013	3.163	3.173	3.207	3.148	-0.38%
Feb 07, 2013	3.175	3.174	3.208	3.139	0.09%
Feb 06, 2013	3.172	3.215	3.227	3.163	-1.28%
Feb 05, 2013	3.213	3.167	3.223	3.157	1.61%
Feb 04, 2013	3.162	3.234	3.254	3.154	-2.04%
Feb 01, 2013	3.228	3.181	3.236	3.125	1.89%
Jan 31, 2013	3.168	3.181	3.201	3.158	-0.38%
Jan 30, 2013	3.180	3.184	3.222	3.157	-0.13%
Jan 29, 2013	3.184	3.140	3.187	3.127	1.27%
Jan 28, 2013	3.144	3.144	3.181	3.115	0.38%
Jan 25, 2013	3.132	3.051	3.139	3.043	2.82%
Jan 24, 2013	3.046	3.013	3.066	3.002	0.79%
Jan 23, 2013	3.022	3.029	3.034	3.004	-0.13%
Jan 22, 2013	3.026	3.052	3.069	3.016	0.00%
Jan 18, 2013	3.026	3.070	3.083	3.023	-1.50%
Jan 17, 2013	3.072	3.015	3.086	2.995	2.03%
Jan 16, 2013	3.011	3.029	3.029	2.985	-0.50%
Jan 15, 2013	3.026	3.040	3.042	2.991	-0.33%
Jan 14, 2013	3.036	3.045	3.056	3.008	-0.30%
Jan 11, 2013	3.045	3.095	3.106	3.035	-1.17%
Jan 10, 2013	3.081	3.066	3.103	3.059	0.62%
Jan 09, 2013	3.062	3.073	3.095	3.046	-0.10%
Jan 08, 2013	3.065	3.098	3.110	3.059	-1.16%
Jan 07, 2013	3.101	3.101	3.119	3.074	0.03%
Jan 04, 2013	3.100	3.128	3.180	3.092	-0.80%
Jan 03, 2013	3.125	3.040	3.134	3.023	2.80%
Jan 02, 2013	3.040	2.952	3.059	2.952	2.98%
Dec 31, 2012	2.952	2.868	2.956	2.865	2.93%
Dec 28, 2012	2.868	2.922	2.922	2.859	-1.17%
Dec 27, 2012	2.902	2.930	2.964	2.870	-0.68%
Dec 26, 2012	2.922	2.946	2.964	2.918	-0.75%
Dec 24, 2012	2.944	2.934	2.960	2.931	0.34%
Dec 21, 2012	2.934	2.987	2.991	2.917	-1.61%
Dec 20, 2012	2.982	2.979	3.001	2.947	-0.37%
Dec 19, 2012	2.993	2.996	3.015	2.952	-0.27%
Dec 18, 2012	3.001	2.943	3.036	2.934	1.90%
Dec 17, 2012	2.945	2.889	2.949	2.866	2.76%
Dec 14, 2012	2.866	2.901	2.925	2.856	-1.38%
Dec 13, 2012	2.906	2.890	2.930	2.880	0.35%
Dec 12, 2012	2.896	2.840	2.905	2.825	1.94%
Dec 11, 2012	2.841	2.799	2.847	2.793	1.54%
Dec 10, 2012	2.798	2.812	2.815	2.786	-0.39%
Dec 07, 2012	2.809	2.777	2.828	2.756	1.33%
Dec 06, 2012	2.772	2.786	2.786	2.745	-0.29%
Dec 05, 2012	2.780	2.781	2.798	2.755	0.04%
Dec 04, 2012	2.779	2.799	2.822	2.773	-0.68%
Dec 03, 2012	2.798	2.811	2.851	2.798	-0.43%
Nov 30, 2012	2.810	2.796	2.813	2.769	0.46%
Nov 29, 2012	2.797	2.799	2.819	2.781	-0.21%
Nov 28, 2012	2.803	2.782	2.805	2.746	0.57%
Nov 27, 2012	2.787	2.803	2.819	2.779	-0.57%
Nov 26, 2012	2.803	2.836	2.836	2.773	-0.92%
Nov 23, 2012	2.829	2.820	2.837	2.800	0.32%
Nov 21, 2012	2.820	2.818	2.840	2.796	-0.04%
Nov 20, 2012	2.821	2.750	2.823	2.750	2.17%
Nov 19, 2012	2.761	2.750	2.782	2.741	0.99%
Nov 16, 2012	2.734	2.731	2.741	2.695	0.07%
Nov 15, 2012	2.732	2.726	2.756	2.702	0.22%
Nov 14, 2012	2.726	2.729	2.768	2.712	0.11%
Nov 13, 2012	2.723	2.743	2.751	2.705	-0.87%
Nov 09, 2012	2.747	2.761	2.782	2.712	-0.18%
Nov 08, 2012	2.752	2.841	2.855	2.746	-2.72%
Nov 07, 2012	2.829	2.922	2.924	2.806	-3.18%
Nov 06, 2012	2.922	2.888	2.928	2.876	1.85%
Nov 05, 2012	2.869	2.912	2.917	2.860	-1.27%
Nov 02, 2012	2.906	2.903	2.963	2.893	-0.03%
Nov 01, 2012	2.907	2.864	2.914	2.864	1.64%
Oct 31, 2012	2.860	2.903	2.928	2.851	-0.76%
Oct 29, 2012	2.882	2.891	2.911	2.865	-1.03%
Oct 26, 2012	2.912	2.985	2.985	2.899	-1.69%
Oct 25, 2012	2.962	2.953	3.012	2.948	0.27%
Oct 24, 2012	2.954	2.907	2.956	2.904	1.72%
Oct 23, 2012	2.904	2.971	2.975	2.893	-2.29%
Oct 22, 2012	2.972	2.935	2.979	2.930	1.26%
Oct 19, 2012	2.935	3.019	3.021	2.933	-2.52%
Oct 18, 2012	3.011	2.999	3.023	2.947	0.23%
Oct 17, 2012	3.004	2.943	3.005	2.919	2.95%
Oct 16, 2012	2.918	2.849	2.927	2.844	2.46%
Oct 15, 2012	2.848	2.836	2.869	2.822	0.60%
Oct 12, 2012	2.831	2.855	2.878	2.800	-0.60%
Oct 11, 2012	2.848	2.880	2.931	2.847	-1.28%
Oct 10, 2012	2.885	2.927	2.962	2.880	-1.37%
Oct 09, 2012	2.925	2.931	2.956	2.914	-1.52%
Oct 05, 2012	2.970	2.887	2.978	2.871	2.84%
Oct 04, 2012	2.888	2.823	2.894	2.823	2.48%
Oct 03, 2012	2.818	2.822	2.844	2.796	0.11%
Oct 02, 2012	2.815	2.814	2.843	2.803	0.07%
Oct 01, 2012	2.813	2.814	2.853	2.803	-0.35%
Sep 28, 2012	2.823	2.838	2.845	2.780	-0.67%
Sep 27, 2012	2.842	2.790	2.847	2.786	2.16%
Sep 26, 2012	2.782	2.842	2.857	2.779	-2.42%
Sep 25, 2012	2.851	2.905	2.921	2.845	-1.72%
Sep 24, 2012	2.901	2.940	2.960	2.894	-1.56%
Sep 21, 2012	2.947	2.948	2.987	2.941	0.10%
Sep 20, 2012	2.944	2.966	2.971	2.909	-0.54%
Sep 19, 2012	2.960	3.008	3.031	2.953	-1.63%
Sep 18, 2012	3.009	3.035	3.036	2.975	-0.89%
Sep 17, 2012	3.036	3.092	3.121	3.023	-1.81%
Sep 14, 2012	3.092	2.941	3.109	2.940	5.60%
Sep 13, 2012	2.928	2.921	3.001	2.876	0.31%
Sep 12, 2012	2.919	2.850	2.935	2.848	2.31%
Sep 11, 2012	2.853	2.812	2.861	2.802	1.67%
Sep 10, 2012	2.806	2.822	2.865	2.797	-0.53%
Sep 07, 2012	2.821	2.808	2.867	2.728	0.86%
Sep 06, 2012	2.797	2.710	2.799	2.703	3.25%
Sep 05, 2012	2.709	2.680	2.712	2.659	0.97%
Sep 04, 2012	2.683	2.695	2.713	2.654	0.56%
Aug 31, 2012	2.668	2.747	2.779	2.666	-2.91%
Aug 30, 2012	2.748	2.773	2.774	2.722	-0.65%
Aug 29, 2012	2.766	2.752	2.789	2.737	0.62%
Aug 28, 2012	2.749	2.765	2.772	2.723	-0.43%
Aug 27, 2012	2.761	2.806	2.806	2.748	-1.39%
Aug 24, 2012	2.800	2.803	2.806	2.745	0.50%
Aug 23, 2012	2.786	2.811	2.824	2.775	-0.78%
Aug 22, 2012	2.808	2.897	2.899	2.803	-3.21%
Aug 21, 2012	2.901	2.921	2.982	2.898	-0.82%
Aug 20, 2012	2.925	2.950	2.983	2.909	-0.20%
Aug 17, 2012	2.931	2.948	2.960	2.910	-0.85%
Aug 16, 2012	2.956	2.924	2.984	2.892	1.20%
Aug 15, 2012	2.921	2.830	2.922	2.823	3.18%
Aug 14, 2012	2.831	2.756	2.839	2.744	2.76%
Aug 13, 2012	2.755	2.739	2.755	2.713	0.25%
Aug 10, 2012	2.748	2.774	2.774	2.712	-0.43%
Aug 09, 2012	2.760	2.747	2.810	2.742	0.25%
Aug 08, 2012	2.753	2.720	2.759	2.695	1.18%
Aug 07, 2012	2.721	2.652	2.739	2.645	2.60%
Aug 06, 2012	2.652	2.655	2.662	2.619	0.11%
Aug 03, 2012	2.649	2.557	2.681	2.548	3.76%
Aug 02, 2012	2.553	2.609	2.653	2.508	-1.69%
Aug 01, 2012	2.597	2.550	2.618	2.548	1.84%
Jul 31, 2012	2.550	2.586	2.610	2.546	-1.12%
Jul 30, 2012	2.579	2.628	2.645	2.569	-1.60%
Jul 27, 2012	2.621	2.507	2.678	2.494	4.71%
Jul 26, 2012	2.503	2.463	2.508	2.443	2.04%
Jul 25, 2012	2.453	2.454	2.502	2.447	-0.20%
Jul 24, 2012	2.458	2.501	2.540	2.454	-2.07%
Jul 23, 2012	2.510	2.538	2.541	2.477	-1.41%
Jul 20, 2012	2.546	2.614	2.615	2.533	-2.49%
Jul 19, 2012	2.611	2.597	2.631	2.586	0.58%
Jul 18, 2012	2.596	2.606	2.608	2.568	-0.31%
Jul 17, 2012	2.604	2.577	2.606	2.553	1.88%
Jul 16, 2012	2.556	2.578	2.578	2.517	-0.85%
Jul 13, 2012	2.578	2.561	2.603	2.551	0.62%
Jul 12, 2012	2.562	2.615	2.617	2.559	-1.88%
Jul 11, 2012	2.611	2.610	2.628	2.562	0.35%
Jul 10, 2012	2.602	2.626	2.643	2.594	-0.76%
Jul 09, 2012	2.622	2.662	2.664	2.614	-1.54%
Jul 06, 2012	2.663	2.721	2.724	2.656	-2.02%
Jul 05, 2012	2.718	2.714	2.749	2.695	-0.80%
Jul 03, 2012	2.740	2.695	2.746	2.693	1.71%
Jul 02, 2012	2.694	2.759	2.761	2.654	-2.18%
Jun 29, 2012	2.754	2.664	2.780	2.663	2.68%
Jun 28, 2012	2.682	2.703	2.704	2.653	-0.41%
Jun 27, 2012	2.693	2.703	2.718	2.683	-0.26%
Jun 26, 2012	2.700	2.688	2.720	2.677	0.90%
Jun 25, 2012	2.676	2.754	2.755	2.674	-3.08%
Jun 22, 2012	2.761	2.693	2.764	2.681	2.72%
Jun 21, 2012	2.688	2.730	2.747	2.661	-1.39%
Jun 20, 2012	2.726	2.736	2.798	2.689	-0.29%
Jun 19, 2012	2.734	2.662	2.741	2.645	2.74%
Jun 18, 2012	2.661	2.755	2.783	2.651	-1.19%
Jun 15, 2012	2.693	2.736	2.738	2.673	-1.72%
Jun 14, 2012	2.740	2.724	2.746	2.697	0.88%
Jun 13, 2012	2.716	2.766	2.822	2.696	-1.95%
Jun 12, 2012	2.770	2.704	2.776	2.704	2.37%
Jun 11, 2012	2.706	2.832	2.854	2.700	-1.35%
Jun 08, 2012	2.743	2.745	2.773	2.652	0.00%
Jun 07, 2012	2.743	2.746	2.779	2.693	0.26%
Jun 06, 2012	2.736	2.644	2.751	2.616	3.60%
Jun 05, 2012	2.641	2.605	2.649	2.550	3.00%
Jun 04, 2012	2.564	2.524	2.587	2.519	1.42%
Jun 01, 2012	2.528	2.654	2.658	2.510	-4.28%
May 31, 2012	2.641	2.719	2.746	2.585	-2.65%
May 30, 2012	2.713	2.849	2.849	2.699	-4.94%
May 29, 2012	2.854	2.860	2.872	2.819	0.18%
May 25, 2012	2.849	2.875	2.884	2.831	-0.97%
May 24, 2012	2.877	2.822	2.878	2.786	2.17%
May 23, 2012	2.816	2.874	2.875	2.783	-1.95%
May 22, 2012	2.872	2.816	2.897	2.816	2.28%
May 21, 2012	2.808	2.816	2.860	2.785	0.21%
May 18, 2012	2.802	2.796	2.847	2.785	0.72%
May 17, 2012	2.782	2.915	2.934	2.781	-4.00%
May 16, 2012	2.898	2.922	2.960	2.890	-0.79%
May 15, 2012	2.921	2.932	2.969	2.913	-0.17%
May 14, 2012	2.926	3.006	3.019	2.920	-2.92%
May 11, 2012	3.014	3.043	3.049	3.011	-0.92%
May 10, 2012	3.042	3.026	3.107	3.019	0.43%
May 09, 2012	3.029	3.037	3.054	2.985	-0.26%
May 08, 2012	3.037	3.061	3.071	3.002	-0.72%
May 07, 2012	3.059	3.047	3.072	3.023	-0.42%
May 04, 2012	3.072	3.120	3.144	3.066	-1.60%
May 03, 2012	3.122	3.118	3.146	3.104	0.16%
May 02, 2012	3.117	3.156	3.169	3.101	-0.98%
May 01, 2012	3.148	3.118	3.168	3.091	1.09%
Apr 30, 2012	3.114	3.118	3.139	3.094	-0.19%
Apr 27, 2012	3.120	3.108	3.142	3.060	-0.16%
Apr 26, 2012	3.125	3.152	3.164	3.093	-0.86%
Apr 25, 2012	3.152	3.133	3.192	3.114	0.77%
Apr 24, 2012	3.128	3.087	3.135	3.069	1.26%
Apr 23, 2012	3.089	3.124	3.129	3.057	-0.93%
Apr 20, 2012	3.118	3.126	3.158	3.114	-0.19%
Apr 19, 2012	3.124	3.131	3.157	3.102	-0.03%
Apr 18, 2012	3.125	3.148	3.160	3.118	-0.54%
Apr 17, 2012	3.142	3.133	3.162	3.116	0.42%
Apr 16, 2012	3.129	3.134	3.151	3.093	-0.19%
Apr 13, 2012	3.135	3.203	3.207	3.126	-2.43%
Apr 12, 2012	3.213	3.200	3.231	3.176	0.50%
Apr 11, 2012	3.197	3.135	3.203	3.134	2.14%
Apr 10, 2012	3.130	3.193	3.217	3.105	-2.10%
Apr 09, 2012	3.197	3.250	3.250	3.175	-0.34%
Apr 06, 2012	3.208	3.333	3.415	3.203	-3.58%
Apr 05, 2012	3.327	3.372	3.374	3.273	-0.89%
Apr 04, 2012	3.357	3.440	3.445	3.356	-2.13%
Apr 03, 2012	3.430	3.337	3.444	3.290	3.25%
Apr 02, 2012	3.322	3.363	3.379	3.295	-0.63%
Mar 30, 2012	3.343	3.273	3.367	3.251	2.17%
Mar 29, 2012	3.272	3.323	3.323	3.261	-1.09%
Mar 28, 2012	3.308	3.307	3.344	3.275	0.24%
Mar 27, 2012	3.300	3.347	3.356	3.285	-1.32%
Mar 26, 2012	3.344	3.318	3.380	3.315	1.09%
Mar 23, 2012	3.308	3.370	3.383	3.298	-1.72%
Mar 22, 2012	3.366	3.391	3.402	3.340	-0.53%
Mar 21, 2012	3.384	3.441	3.473	3.372	-1.91%
Mar 20, 2012	3.450	3.479	3.487	3.431	-0.83%
Mar 19, 2012	3.479	3.415	3.492	3.375	2.08%
Mar 16, 2012	3.408	3.419	3.481	3.399	-0.06%
Mar 15, 2012	3.410	3.406	3.490	3.385	0.12%
Mar 14, 2012	3.406	3.273	3.425	3.264	4.22%
Mar 13, 2012	3.268	3.173	3.271	3.169	2.96%
Mar 12, 2012	3.174	3.190	3.190	3.136	-0.19%
Mar 09, 2012	3.180	3.177	3.222	3.164	0.16%
Mar 08, 2012	3.175	3.127	3.184	3.117	1.76%
Mar 07, 2012	3.120	3.080	3.126	3.076	1.30%
Mar 06, 2012	3.080	3.156	3.159	3.059	-2.04%
Mar 05, 2012	3.144	3.116	3.157	3.087	1.22%
Mar 02, 2012	3.106	3.149	3.157	3.089	-1.43%
Mar 01, 2012	3.151	3.094	3.185	3.089	2.24%
Feb 29, 2012	3.082	3.074	3.121	3.037	0.26%
Feb 28, 2012	3.074	3.054	3.077	3.019	0.95%
Feb 27, 2012	3.045	3.101	3.102	3.033	-1.74%
Feb 24, 2012	3.099	3.145	3.152	3.094	-1.15%
Feb 23, 2012	3.135	3.154	3.185	3.111	-0.29%
Feb 22, 2012	3.144	3.213	3.227	3.136	-2.03%
Feb 21, 2012	3.209	3.174	3.225	3.161	2.00%
Feb 17, 2012	3.146	3.144	3.185	3.139	0.13%
Feb 16, 2012	3.142	3.095	3.165	3.065	1.65%
Feb 15, 2012	3.091	3.091	3.107	3.061	0.13%
Feb 14, 2012	3.087	3.105	3.130	3.061	-1.12%
Feb 13, 2012	3.122	3.150	3.179	3.105	-0.45%
Feb 10, 2012	3.136	3.192	3.197	3.106	-1.45%
Feb 09, 2012	3.182	3.144	3.234	3.131	1.05%
Feb 08, 2012	3.149	3.139	3.179	3.126	0.00%
Feb 07, 2012	3.149	3.107	3.176	3.078	1.81%
Feb 06, 2012	3.093	3.123	3.145	3.073	-0.96%
Feb 03, 2012	3.123	3.008	3.164	3.000	3.86%
Feb 02, 2012	3.007	3.012	3.030	2.983	0.37%
Feb 01, 2012	2.996	2.941	3.023	2.939	1.97%
Jan 31, 2012	2.938	2.996	3.030	2.934	-1.97%
Jan 30, 2012	2.997	3.065	3.065	2.955	-1.96%
Jan 27, 2012	3.057	3.101	3.148	3.053	-1.20%
Jan 26, 2012	3.094	3.141	3.157	3.084	-1.84%
Jan 25, 2012	3.152	3.154	3.169	3.035	0.10%
Jan 24, 2012	3.149	3.134	3.172	3.107	0.45%
Jan 23, 2012	3.135	3.089	3.182	3.072	1.06%
Jan 20, 2012	3.102	3.039	3.110	3.027	1.94%
Jan 19, 2012	3.043	2.958	3.063	2.938	2.91%
Jan 18, 2012	2.957	2.900	2.963	2.879	1.93%
Jan 17, 2012	2.901	2.902	2.954	2.882	-0.48%
Jan 13, 2012	2.915	2.973	2.987	2.880	-1.95%
Jan 12, 2012	2.973	2.972	2.994	2.943	0.27%
Jan 11, 2012	2.965	3.030	3.036	2.953	-1.76%
Jan 10, 2012	3.018	3.039	3.082	3.009	-0.13%
Jan 09, 2012	3.022	3.016	3.048	2.975	0.20%
Jan 06, 2012	3.016	3.064	3.118	3.003	-1.57%
Jan 05, 2012	3.064	3.031	3.070	2.989	1.06%
Jan 04, 2012	3.032	2.994	3.063	2.960	1.51%
Jan 03, 2012	2.987	2.891	3.003	2.891	3.32%
Dec 30, 2011	2.891	2.916	2.927	2.864	-0.31%
Dec 29, 2011	2.900	2.923	2.946	2.896	-0.65%
Dec 28, 2011	2.919	3.050	3.050	2.898	-3.63%
Dec 27, 2011	3.029	3.070	3.118	3.026	-0.75%
Dec 23, 2011	3.052	2.984	3.078	2.984	2.28%
Dec 22, 2011	2.984	3.004	3.010	2.947	-0.67%
Dec 21, 2011	3.004	2.933	3.010	2.904	2.70%
Dec 20, 2011	2.925	2.797	2.937	2.795	4.91%
Dec 19, 2011	2.788	2.865	2.873	2.778	-2.14%
Dec 16, 2011	2.849	2.920	2.945	2.838	-2.40%
Dec 15, 2011	2.919	2.923	2.948	2.856	0.41%
Dec 14, 2011	2.907	3.020	3.038	2.895	-3.29%
Dec 13, 2011	3.006	3.064	3.101	2.979	-1.67%
Dec 12, 2011	3.057	3.108	3.143	3.031	-1.67%
Dec 09, 2011	3.109	3.010	3.120	2.988	3.81%
Dec 08, 2011	2.995	3.101	3.133	2.988	-2.25%
Dec 07, 2011	3.064	3.109	3.148	3.039	-1.10%
Dec 06, 2011	3.098	3.055	3.111	3.023	2.58%
Dec 05, 2011	3.020	3.059	3.103	3.010	-0.17%
Dec 02, 2011	3.025	3.094	3.161	3.017	-1.98%
Dec 01, 2011	3.086	3.069	3.155	3.037	1.01%
Nov 30, 2011	3.055	2.954	3.097	2.944	3.35%
Nov 29, 2011	2.956	2.944	3.007	2.919	0.89%
Nov 28, 2011	2.930	2.998	3.047	2.907	0.27%
Nov 25, 2011	2.922	2.881	2.942	2.852	2.81%
Nov 23, 2011	2.842	2.886	2.908	2.816	-1.52%
Nov 22, 2011	2.886	2.958	2.984	2.881	-2.14%
Nov 21, 2011	2.949	2.986	2.986	2.925	-1.47%
Nov 18, 2011	2.993	2.986	3.051	2.970	0.27%
Nov 17, 2011	2.985	3.026	3.070	2.950	-1.45%
Nov 16, 2011	3.029	3.080	3.100	3.023	-1.75%
Nov 15, 2011	3.083	3.111	3.125	3.033	-0.13%
Nov 14, 2011	3.087	3.179	3.201	3.076	-0.71%
Nov 10, 2011	3.109	3.037	3.175	3.007	2.78%
Nov 09, 2011	3.025	3.156	3.166	2.975	-3.60%
Nov 08, 2011	3.138	3.093	3.153	3.052	1.88%
Nov 07, 2011	3.080	3.134	3.148	3.010	-0.48%
Nov 04, 2011	3.095	3.138	3.193	3.075	-0.86%
Nov 03, 2011	3.122	3.009	3.128	2.964	3.76%
Nov 02, 2011	3.009	2.989	3.107	2.989	0.20%
Nov 01, 2011	3.003	3.148	3.176	2.946	-4.09%
Oct 31, 2011	3.131	3.366	3.379	3.128	-7.34%
Oct 28, 2011	3.379	3.450	3.489	3.345	-1.92%
Oct 27, 2011	3.445	3.221	3.461	3.204	6.92%
Oct 26, 2011	3.222	3.141	3.233	3.124	2.78%
Oct 25, 2011	3.135	3.268	3.311	3.122	-4.19%
Oct 24, 2011	3.272	3.241	3.289	3.208	0.31%
Oct 21, 2011	3.262	3.225	3.278	3.189	1.46%
Oct 20, 2011	3.215	3.195	3.232	3.129	1.26%
Oct 19, 2011	3.175	3.171	3.230	3.145	0.16%
Oct 18, 2011	3.170	3.136	3.216	3.054	1.34%
Oct 17, 2011	3.128	3.232	3.293	3.127	-3.40%
Oct 14, 2011	3.238	3.142	3.249	3.127	2.73%
Oct 13, 2011	3.152	3.202	3.203	3.096	-1.41%
Oct 12, 2011	3.197	3.106	3.252	3.085	2.83%
Oct 11, 2011	3.109	3.087	3.127	3.042	3.05%
Oct 07, 2011	3.017	2.937	3.082	2.929	2.03%
Oct 06, 2011	2.957	2.856	2.965	2.841	3.57%
Oct 05, 2011	2.855	2.812	2.894	2.799	2.00%
Oct 04, 2011	2.799	2.740	2.826	2.694	2.79%
Oct 03, 2011	2.723	2.921	2.943	2.720	-6.55%
Sep 30, 2011	2.914	3.052	3.055	2.896	-4.77%
Sep 29, 2011	3.060	3.066	3.090	2.995	-0.49%
Sep 28, 2011	3.075	3.077	3.147	3.024	-0.06%
Sep 27, 2011	3.077	2.990	3.120	2.977	2.81%
Sep 26, 2011	2.993	2.911	3.006	2.840	3.28%
Sep 23, 2011	2.898	2.794	2.902	2.739	3.57%
Sep 22, 2011	2.798	2.994	2.995	2.765	-6.67%
Sep 21, 2011	2.998	3.214	3.252	2.992	-6.31%
Sep 20, 2011	3.200	3.221	3.268	3.189	-0.78%
Sep 19, 2011	3.225	3.318	3.318	3.176	-2.80%
Sep 16, 2011	3.318	3.352	3.381	3.312	-1.28%
Sep 15, 2011	3.361	3.283	3.375	3.266	2.56%
Sep 14, 2011	3.277	3.333	3.378	3.266	-1.50%
Sep 13, 2011	3.327	3.250	3.335	3.225	2.31%
Sep 12, 2011	3.252	3.242	3.282	3.206	0.22%
Sep 09, 2011	3.245	3.332	3.364	3.225	-1.82%
Sep 08, 2011	3.305	3.367	3.370	3.285	-1.61%
Sep 07, 2011	3.359	3.285	3.375	3.284	2.69%
Sep 06, 2011	3.271	3.250	3.305	3.187	-0.94%
Sep 02, 2011	3.302	3.504	3.529	3.288	-5.63%
Sep 01, 2011	3.499	3.605	3.654	3.494	-3.10%
Aug 31, 2011	3.611	3.519	3.621	3.490	2.47%
Aug 30, 2011	3.524	3.576	3.590	3.503	-2.14%
Aug 29, 2011	3.601	3.547	3.649	3.537	1.75%
Aug 26, 2011	3.539	3.603	3.630	3.495	-1.86%
Aug 25, 2011	3.606	3.641	3.669	3.567	-1.26%
Aug 24, 2011	3.652	3.503	3.663	3.442	4.64%
Aug 23, 2011	3.490	3.422	3.496	3.391	1.90%
Aug 22, 2011	3.425	3.370	3.440	3.355	0.82%
Aug 19, 2011	3.397	3.407	3.475	3.343	-0.79%
Aug 18, 2011	3.424	3.570	3.579	3.341	-3.96%
Aug 17, 2011	3.565	3.676	3.700	3.559	-2.91%
Aug 16, 2011	3.672	3.784	3.789	3.641	-2.68%
Aug 15, 2011	3.773	3.718	3.776	3.703	1.23%
Aug 12, 2011	3.727	3.792	3.800	3.697	-1.06%
Aug 11, 2011	3.767	3.527	3.816	3.514	7.48%
Aug 10, 2011	3.505	3.648	3.702	3.469	-3.89%
Aug 09, 2011	3.647	3.626	3.753	3.456	-0.36%
Aug 08, 2011	3.660	3.882	3.909	3.653	-4.86%
Aug 05, 2011	3.847	3.673	3.859	3.623	4.74%
Aug 04, 2011	3.673	3.911	3.932	3.664	-5.72%
Aug 03, 2011	3.896	3.909	3.938	3.791	-0.38%
Aug 02, 2011	3.911	4.095	4.097	3.899	-4.35%
Aug 01, 2011	4.089	4.140	4.204	4.061	-0.85%
Jul 29, 2011	4.124	4.265	4.267	4.104	-3.22%
Jul 28, 2011	4.261	4.269	4.291	4.239	-0.65%
Jul 27, 2011	4.289	4.290	4.322	4.267	0.16%
Jul 26, 2011	4.282	4.315	4.345	4.269	-0.83%
Jul 25, 2011	4.318	4.302	4.345	4.261	1.39%
Jul 22, 2011	4.259	4.306	4.311	4.254	-1.23%
Jul 21, 2011	4.312	4.284	4.332	4.253	1.46%
Jul 20, 2011	4.250	4.205	4.268	4.200	1.48%
Jul 19, 2011	4.188	4.306	4.341	4.176	-2.74%
Jul 18, 2011	4.306	4.253	4.314	4.222	1.37%
Jul 15, 2011	4.248	4.255	4.315	4.243	-0.16%
Jul 14, 2011	4.255	4.210	4.258	4.178	1.94%
Jul 13, 2011	4.174	4.172	4.245	4.161	0.10%
Jul 12, 2011	4.170	4.219	4.223	4.128	-0.95%
Jul 11, 2011	4.210	4.291	4.305	4.199	-1.80%
Jul 08, 2011	4.287	4.371	4.403	4.273	-1.83%
Jul 07, 2011	4.367	4.377	4.407	4.361	0.05%
Jul 06, 2011	4.365	4.382	4.400	4.346	-0.11%
Jul 05, 2011	4.370	4.410	4.412	4.365	-0.55%
Jul 01, 2011	4.394	4.374	4.416	4.354	0.39%
Jun 30, 2011	4.377	4.373	4.451	4.344	-0.16%
Jun 29, 2011	4.384	4.333	4.390	4.309	1.34%
Jun 28, 2011	4.326	4.292	4.345	4.252	0.77%
Jun 27, 2011	4.293	4.185	4.299	4.172	2.48%
Jun 24, 2011	4.189	4.183	4.200	4.152	0.53%
Jun 23, 2011	4.167	4.208	4.213	4.150	-1.19%
Jun 22, 2011	4.217	4.220	4.231	4.188	-0.05%
Jun 21, 2011	4.219	4.210	4.240	4.190	0.48%
Jun 20, 2011	4.199	4.209	4.221	4.155	-0.14%
Jun 17, 2011	4.205	4.189	4.218	4.155	0.86%
Jun 16, 2011	4.169	4.204	4.222	4.140	-0.79%
Jun 15, 2011	4.202	4.292	4.301	4.191	-2.30%
Jun 14, 2011	4.301	4.207	4.311	4.200	2.40%
Jun 13, 2011	4.200	4.186	4.223	4.167	0.38%
Jun 10, 2011	4.184	4.212	4.216	4.160	-0.74%
Jun 09, 2011	4.215	4.201	4.251	4.156	0.64%
Jun 08, 2011	4.188	4.266	4.273	4.186	-1.53%
Jun 07, 2011	4.253	4.265	4.303	4.242	-0.12%
Jun 06, 2011	4.258	4.234	4.295	4.231	0.76%
Jun 03, 2011	4.226	4.238	4.272	4.201	-0.49%
Jun 02, 2011	4.247	4.151	4.256	4.149	2.58%
Jun 01, 2011	4.140	4.231	4.243	4.131	-1.92%
May 31, 2011	4.221	4.236	4.269	4.212	-0.50%
May 27, 2011	4.242	4.225	4.269	4.221	0.45%
May 26, 2011	4.223	4.294	4.316	4.218	-1.31%
May 25, 2011	4.279	4.258	4.287	4.230	0.71%
May 24, 2011	4.249	4.260	4.291	4.243	-0.42%
May 23, 2011	4.267	4.290	4.291	4.243	-0.77%
May 20, 2011	4.300	4.304	4.340	4.279	0.00%
May 19, 2011	4.300	4.299	4.356	4.292	0.07%
May 18, 2011	4.297	4.236	4.302	4.202	1.73%
May 17, 2011	4.224	4.271	4.293	4.214	-1.12%
May 16, 2011	4.272	4.308	4.332	4.266	-0.79%
May 13, 2011	4.306	4.379	4.379	4.281	-1.03%
May 12, 2011	4.351	4.303	4.374	4.285	1.14%
May 11, 2011	4.302	4.352	4.363	4.294	-1.13%
May 10, 2011	4.351	4.315	4.352	4.302	0.93%
May 09, 2011	4.311	4.304	4.327	4.286	0.51%
May 06, 2011	4.289	4.267	4.353	4.264	0.73%
May 05, 2011	4.258	4.326	4.329	4.256	-1.53%
May 04, 2011	4.324	4.355	4.359	4.317	-0.60%
May 03, 2011	4.350	4.387	4.390	4.348	-0.73%
May 02, 2011	4.382	4.405	4.425	4.380	-0.36%
Apr 29, 2011	4.398	4.417	4.432	4.389	-0.43%
Apr 28, 2011	4.417	4.457	4.480	4.410	-0.83%
Apr 27, 2011	4.454	4.396	4.465	4.396	1.46%
Apr 26, 2011	4.390	4.462	4.475	4.387	-1.48%
Apr 25, 2011	4.456	4.475	4.479	4.443	-0.22%
Apr 21, 2011	4.466	4.469	4.477	4.426	-0.02%
Apr 20, 2011	4.467	4.440	4.469	4.425	0.81%
Apr 19, 2011	4.431	4.466	4.491	4.425	-0.61%
Apr 18, 2011	4.458	4.467	4.549	4.431	-0.29%
Apr 15, 2011	4.471	4.548	4.549	4.460	-1.67%
Apr 14, 2011	4.547	4.557	4.563	4.518	0.02%
Apr 13, 2011	4.546	4.587	4.623	4.542	-0.63%
Apr 12, 2011	4.575	4.652	4.655	4.556	-1.74%
Apr 11, 2011	4.656	4.670	4.678	4.624	0.26%
Apr 08, 2011	4.644	4.629	4.672	4.620	0.63%
Apr 07, 2011	4.615	4.602	4.634	4.585	0.35%
Apr 06, 2011	4.599	4.508	4.601	4.501	2.02%
Apr 05, 2011	4.508	4.501	4.524	4.455	0.60%
Apr 04, 2011	4.481	4.492	4.522	4.462	-0.16%
Apr 01, 2011	4.488	4.509	4.551	4.483	-0.49%
Mar 31, 2011	4.510	4.510	4.551	4.467	-0.02%
Mar 30, 2011	4.511	4.545	4.555	4.501	-0.59%
Mar 29, 2011	4.538	4.494	4.550	4.477	0.89%
Mar 28, 2011	4.498	4.527	4.536	4.475	-0.02%
Mar 25, 2011	4.499	4.486	4.516	4.448	0.36%
Mar 24, 2011	4.483	4.443	4.488	4.431	0.92%
Mar 23, 2011	4.442	4.439	4.457	4.387	0.11%
Mar 22, 2011	4.437	4.462	4.475	4.429	-0.29%
Mar 21, 2011	4.450	4.439	4.510	4.428	0.72%
Mar 18, 2011	4.418	4.451	4.497	4.416	-0.43%
Mar 17, 2011	4.437	4.354	4.463	4.352	1.42%
Mar 16, 2011	4.375	4.460	4.503	4.318	-1.73%
Mar 15, 2011	4.452	4.535	4.541	4.414	-1.98%
Mar 14, 2011	4.542	4.556	4.586	4.517	-0.13%
Mar 11, 2011	4.548	4.516	4.557	4.476	1.07%
Mar 10, 2011	4.500	4.615	4.620	4.500	-2.36%
Mar 09, 2011	4.609	4.673	4.678	4.588	-1.07%
Mar 08, 2011	4.659	4.633	4.668	4.609	0.76%
Mar 07, 2011	4.624	4.620	4.656	4.583	0.54%
Mar 04, 2011	4.599	4.627	4.666	4.582	-0.45%
Mar 03, 2011	4.620	4.568	4.643	4.558	1.07%
Mar 02, 2011	4.571	4.491	4.574	4.463	1.92%
Mar 01, 2011	4.485	4.513	4.549	4.473	-0.13%
Feb 28, 2011	4.491	4.507	4.516	4.483	-0.16%
Feb 25, 2011	4.498	4.544	4.572	4.497	-1.03%
Feb 24, 2011	4.545	4.589	4.593	4.516	-0.81%
Feb 23, 2011	4.582	4.618	4.625	4.550	-0.50%
Feb 22, 2011	4.605	4.668	4.674	4.588	-1.83%
Feb 18, 2011	4.691	4.677	4.721	4.662	0.43%
Feb 17, 2011	4.671	4.688	4.688	4.638	-0.21%
Feb 16, 2011	4.681	4.673	4.697	4.626	0.45%
Feb 15, 2011	4.660	4.677	4.700	4.653	-0.28%
Feb 14, 2011	4.673	4.711	4.717	4.652	-0.38%
Feb 11, 2011	4.691	4.759	4.774	4.681	-1.59%
Feb 10, 2011	4.767	4.721	4.787	4.699	1.15%
Feb 09, 2011	4.713	4.776	4.791	4.681	-1.13%
Feb 08, 2011	4.767	4.713	4.774	4.687	1.32%
Feb 07, 2011	4.705	4.740	4.768	4.694	-0.57%
Feb 04, 2011	4.732	4.670	4.743	4.650	1.39%
Feb 03, 2011	4.667	4.630	4.675	4.605	1.00%
Feb 02, 2011	4.621	4.625	4.659	4.585	0.26%
Feb 01, 2011	4.609	4.576	4.643	4.575	0.79%
Jan 31, 2011	4.573	4.526	4.599	4.526	0.82%
Jan 28, 2011	4.536	4.578	4.645	4.514	-0.70%
Jan 27, 2011	4.568	4.587	4.633	4.556	-0.50%
Jan 26, 2011	4.591	4.506	4.609	4.497	2.16%
Jan 25, 2011	4.494	4.567	4.574	4.466	-1.45%
Jan 24, 2011	4.560	4.574	4.594	4.532	-0.15%
Jan 21, 2011	4.567	4.606	4.631	4.559	-0.95%
Jan 20, 2011	4.611	4.532	4.639	4.496	1.90%
Jan 19, 2011	4.525	4.566	4.578	4.520	-0.90%
Jan 18, 2011	4.566	4.509	4.611	4.479	0.71%
Jan 14, 2011	4.534	4.498	4.537	4.459	0.71%
Jan 13, 2011	4.502	4.541	4.556	4.465	-0.66%
Jan 12, 2011	4.532	4.490	4.551	4.477	1.00%
Jan 11, 2011	4.487	4.464	4.537	4.459	0.54%
Jan 10, 2011	4.463	4.490	4.520	4.445	-0.58%
Jan 07, 2011	4.489	4.515	4.604	4.467	-0.49%
Jan 06, 2011	4.511	4.547	4.566	4.500	-0.77%
Jan 05, 2011	4.546	4.425	4.566	4.374	2.92%
Jan 04, 2011	4.417	4.399	4.446	4.389	0.43%
Jan 03, 2011	4.398	4.349	4.443	4.252	1.43%
Dec 31, 2010	4.336	4.426	4.440	4.325	-2.03%
Dec 30, 2010	4.426	4.461	4.488	4.416	-0.23%
Dec 29, 2010	4.436	4.534	4.548	4.401	-2.33%
Dec 28, 2010	4.542	4.432	4.552	4.392	3.27%
Dec 27, 2010	4.398	4.477	4.530	4.397	-1.68%
Dec 23, 2010	4.473	4.449	4.492	4.434	0.65%
Dec 22, 2010	4.444	4.422	4.461	4.413	0.61%
Dec 21, 2010	4.417	4.444	4.529	4.403	-0.61%
Dec 20, 2010	4.444	4.424	4.479	4.370	0.14%
Dec 17, 2010	4.438	4.559	4.579	4.398	-2.20%
Dec 16, 2010	4.538	4.588	4.619	4.534	-1.41%
Dec 15, 2010	4.603	4.532	4.625	4.473	1.79%
Dec 14, 2010	4.522	4.401	4.560	4.397	2.45%
Dec 13, 2010	4.414	4.420	4.484	4.380	-0.41%
Dec 10, 2010	4.432	4.409	4.457	4.358	0.75%
Dec 09, 2010	4.399	4.454	4.471	4.360	-1.32%
Dec 08, 2010	4.458	4.374	4.509	4.345	1.92%
Dec 07, 2010	4.374	4.260	4.438	4.255	3.18%
Dec 06, 2010	4.239	4.299	4.313	4.236	-1.76%
Dec 03, 2010	4.315	4.259	4.328	4.208	1.41%
Dec 02, 2010	4.255	4.237	4.285	4.215	0.31%
Dec 01, 2010	4.242	4.128	4.254	4.108	3.16%
Nov 30, 2010	4.112	4.149	4.151	4.051	-0.75%
Nov 29, 2010	4.143	4.229	4.245	4.140	-1.66%
Nov 26, 2010	4.213	4.284	4.284	4.202	-1.61%
Nov 24, 2010	4.282	4.193	4.300	4.176	2.03%
Nov 23, 2010	4.197	4.207	4.209	4.148	-0.24%
Nov 22, 2010	4.207	4.256	4.267	4.168	-0.92%
Nov 19, 2010	4.246	4.288	4.290	4.232	-0.89%
Nov 18, 2010	4.284	4.282	4.349	4.270	-0.12%
Nov 17, 2010	4.289	4.293	4.315	4.220	0.40%
Nov 16, 2010	4.272	4.411	4.424	4.252	-3.24%
Nov 15, 2010	4.415	4.282	4.423	4.274	2.87%
Nov 12, 2010	4.292	4.249	4.296	4.183	1.23%
Nov 10, 2010	4.240	4.243	4.330	4.210	-0.26%
Nov 09, 2010	4.251	4.114	4.258	4.083	3.03%
Nov 08, 2010	4.126	4.123	4.153	4.083	0.07%
Nov 05, 2010	4.123	4.068	4.175	4.049	1.48%
Nov 04, 2010	4.063	4.053	4.094	4.014	0.30%
Nov 03, 2010	4.051	3.933	4.097	3.861	3.00%
Nov 02, 2010	3.933	3.999	4.013	3.928	-1.75%
Nov 01, 2010	4.003	4.008	4.030	3.930	0.48%
Oct 29, 2010	3.984	4.060	4.062	3.980	-1.65%
Oct 28, 2010	4.051	4.055	4.075	4.021	-0.22%
Oct 27, 2010	4.060	3.996	4.063	3.989	1.45%
Oct 26, 2010	4.002	3.905	4.008	3.897	2.20%
Oct 25, 2010	3.916	3.936	3.937	3.865	-0.46%
Oct 22, 2010	3.934	3.954	3.992	3.921	-0.58%
Oct 21, 2010	3.957	3.899	3.969	3.869	1.72%
Oct 20, 2010	3.890	3.918	3.937	3.870	-0.64%
Oct 19, 2010	3.915	3.952	3.992	3.884	-1.01%
Oct 18, 2010	3.955	3.977	3.980	3.918	-0.78%
Oct 15, 2010	3.986	3.915	4.016	3.878	1.74%
Oct 14, 2010	3.918	3.826	3.921	3.787	2.62%
Oct 13, 2010	3.818	3.818	3.880	3.810	-0.03%
Oct 12, 2010	3.819	3.749	3.820	3.702	1.92%
Oct 08, 2010	3.747	3.714	3.752	3.677	0.86%
Oct 07, 2010	3.715	3.673	3.720	3.659	1.23%
Oct 06, 2010	3.670	3.745	3.749	3.637	-1.98%
Oct 05, 2010	3.744	3.706	3.759	3.663	0.94%
Oct 04, 2010	3.709	3.704	3.734	3.665	-0.22%
Oct 01, 2010	3.717	3.690	3.758	3.668	0.81%
Sep 30, 2010	3.687	3.679	3.770	3.649	0.08%
Sep 29, 2010	3.684	3.662	3.698	3.636	0.66%
Sep 28, 2010	3.660	3.726	3.739	3.640	-1.69%
Sep 27, 2010	3.723	3.799	3.802	3.691	-1.85%
Sep 24, 2010	3.793	3.722	3.801	3.718	1.66%
Sep 23, 2010	3.731	3.745	3.768	3.675	-0.24%
Sep 22, 2010	3.740	3.782	3.784	3.710	-1.19%
Sep 21, 2010	3.785	3.876	3.881	3.770	-2.37%
Sep 20, 2010	3.877	3.908	3.918	3.862	-0.69%
Sep 17, 2010	3.904	3.927	3.954	3.856	-0.61%
Sep 16, 2010	3.928	3.878	3.960	3.848	1.32%
Sep 15, 2010	3.877	3.797	3.882	3.791	1.95%
Sep 14, 2010	3.803	3.848	3.870	3.780	-1.17%
Sep 13, 2010	3.848	3.896	3.929	3.824	-0.54%
Sep 10, 2010	3.869	3.835	3.897	3.817	0.81%
Sep 09, 2010	3.838	3.735	3.848	3.706	2.76%
Sep 08, 2010	3.735	3.674	3.750	3.636	1.94%
Sep 07, 2010	3.664	3.763	3.789	3.660	-3.43%
Sep 03, 2010	3.794	3.717	3.875	3.705	2.21%
Sep 02, 2010	3.712	3.647	3.740	3.619	1.70%
Sep 01, 2010	3.650	3.524	3.699	3.520	3.72%
Aug 31, 2010	3.519	3.589	3.589	3.514	-1.73%
Aug 30, 2010	3.581	3.730	3.730	3.579	-2.95%
Aug 27, 2010	3.690	3.522	3.708	3.511	4.95%
Aug 26, 2010	3.516	3.576	3.587	3.512	-1.57%
Aug 25, 2010	3.572	3.569	3.598	3.462	0.25%
Aug 24, 2010	3.563	3.664	3.668	3.543	-2.78%
Aug 23, 2010	3.665	3.664	3.702	3.633	0.05%
Aug 20, 2010	3.663	3.663	3.669	3.598	0.27%
Aug 19, 2010	3.653	3.735	3.758	3.622	-2.25%
Aug 18, 2010	3.737	3.772	3.777	3.680	-0.88%
Aug 17, 2010	3.770	3.724	3.774	3.714	1.54%
Aug 16, 2010	3.713	3.849	3.864	3.710	-3.88%
Aug 13, 2010	3.863	3.962	3.976	3.857	-2.05%
Aug 12, 2010	3.944	3.914	3.958	3.888	0.51%
Aug 11, 2010	3.924	4.010	4.010	3.919	-2.10%
Aug 10, 2010	4.008	4.027	4.035	3.939	-0.30%
Aug 09, 2010	4.020	4.001	4.025	3.999	0.55%
Aug 06, 2010	3.998	4.060	4.071	3.984	-1.33%
Aug 05, 2010	4.052	4.079	4.087	4.029	-0.86%
Aug 04, 2010	4.087	4.056	4.091	4.007	1.09%
Aug 03, 2010	4.043	4.065	4.066	4.017	-0.64%
Aug 02, 2010	4.069	3.999	4.072	3.995	1.95%
Jul 30, 2010	3.991	4.070	4.086	3.974	-2.23%
Jul 29, 2010	4.082	4.072	4.138	4.061	0.25%
Jul 28, 2010	4.072	4.078	4.113	4.052	-0.19%
Jul 27, 2010	4.080	4.024	4.091	4.011	1.48%
Jul 26, 2010	4.020	4.019	4.065	3.993	0.04%
Jul 23, 2010	4.018	3.963	4.022	3.944	1.70%
Jul 22, 2010	3.951	3.894	3.952	3.875	1.57%
Jul 21, 2010	3.891	3.985	3.993	3.859	-2.33%
Jul 20, 2010	3.983	3.984	3.993	3.944	0.00%
Jul 19, 2010	3.983	3.950	4.002	3.935	1.08%
Jul 16, 2010	3.941	3.987	4.003	3.928	-1.20%
Jul 15, 2010	3.989	4.024	4.054	3.958	-1.18%
Jul 14, 2010	4.036	4.113	4.117	4.025	-1.79%
Jul 13, 2010	4.110	4.057	4.113	4.021	1.26%
Jul 12, 2010	4.059	4.040	4.061	3.993	0.48%
Jul 09, 2010	4.040	4.014	4.048	4.002	0.61%
Jul 08, 2010	4.015	3.968	4.020	3.942	1.43%
Jul 07, 2010	3.959	3.896	3.971	3.878	1.74%
Jul 06, 2010	3.891	3.894	3.947	3.880	-1.39%
Jul 02, 2010	3.946	3.899	3.948	3.862	1.17%
Jul 01, 2010	3.900	3.899	3.913	3.826	0.15%
Jun 30, 2010	3.894	3.935	3.955	3.889	-1.01%
Jun 29, 2010	3.934	4.016	4.016	3.931	-1.78%
Jun 28, 2010	4.005	4.056	4.066	4.001	-1.45%
Jun 25, 2010	4.064	4.104	4.128	4.047	-0.88%
Jun 24, 2010	4.100	4.068	4.114	4.017	0.87%
Jun 23, 2010	4.065	4.103	4.122	4.030	-0.84%
Jun 22, 2010	4.100	4.175	4.192	4.092	-1.54%
Jun 21, 2010	4.163	4.196	4.235	4.155	0.39%
Jun 18, 2010	4.148	4.135	4.158	4.101	0.58%
Jun 17, 2010	4.123	4.174	4.212	4.110	-1.45%
Jun 16, 2010	4.184	4.227	4.233	4.159	-0.86%
Jun 15, 2010	4.220	4.185	4.249	4.150	0.82%
Jun 14, 2010	4.186	4.175	4.238	4.166	0.84%
Jun 11, 2010	4.151	4.235	4.238	4.133	-2.00%
Jun 10, 2010	4.236	4.123	4.241	4.111	3.06%
Jun 09, 2010	4.110	4.123	4.167	4.098	-0.15%
Jun 08, 2010	4.116	4.094	4.137	4.078	0.84%
Jun 07, 2010	4.082	4.119	4.174	4.072	-1.24%
Jun 04, 2010	4.133	4.279	4.283	4.117	-3.28%
Jun 03, 2010	4.273	4.239	4.320	4.227	0.65%
Jun 02, 2010	4.246	4.195	4.251	4.156	1.54%
Jun 01, 2010	4.182	4.216	4.225	4.132	-0.81%
May 28, 2010	4.216	4.248	4.256	4.209	-0.88%
May 27, 2010	4.253	4.098	4.260	4.096	3.88%
May 26, 2010	4.095	4.082	4.157	4.052	0.93%
May 25, 2010	4.057	4.087	4.088	3.968	-0.75%
May 24, 2010	4.088	4.097	4.121	4.034	-0.32%
May 21, 2010	4.101	4.102	4.127	3.983	0.19%
May 20, 2010	4.093	4.245	4.251	4.083	-3.59%
May 19, 2010	4.245	4.210	4.271	4.194	0.21%
May 18, 2010	4.236	4.350	4.371	4.229	-2.92%
May 17, 2010	4.364	4.339	4.367	4.266	0.52%
May 14, 2010	4.341	4.420	4.438	4.291	-2.04%
May 13, 2010	4.432	4.482	4.514	4.415	-1.04%
May 12, 2010	4.478	4.414	4.492	4.394	1.22%
May 11, 2010	4.424	4.410	4.457	4.332	0.27%
May 10, 2010	4.412	4.328	4.459	4.328	3.32%
May 07, 2010	4.270	4.198	4.340	4.109	1.52%
May 06, 2010	4.207	4.399	4.433	4.059	-4.22%
May 05, 2010	4.392	4.417	4.438	4.323	-0.50%
May 04, 2010	4.414	4.527	4.546	4.413	-2.52%
May 03, 2010	4.529	4.527	4.588	4.521	0.17%
Apr 30, 2010	4.521	4.592	4.613	4.520	-1.54%
Apr 29, 2010	4.592	4.628	4.648	4.590	-0.88%
Apr 28, 2010	4.632	4.582	4.644	4.567	1.12%
Apr 27, 2010	4.581	4.668	4.673	4.541	-1.85%
Apr 26, 2010	4.668	4.673	4.681	4.628	0.06%
Apr 23, 2010	4.665	4.636	4.681	4.627	0.59%
Apr 22, 2010	4.637	4.624	4.647	4.592	0.36%
Apr 21, 2010	4.621	4.675	4.685	4.609	-1.11%
Apr 20, 2010	4.673	4.696	4.710	4.668	-0.52%
Apr 19, 2010	4.697	4.660	4.703	4.651	0.53%
Apr 16, 2010	4.673	4.723	4.731	4.668	-0.96%
Apr 15, 2010	4.718	4.730	4.762	4.701	-0.31%
Apr 14, 2010	4.733	4.689	4.735	4.665	1.12%
Apr 13, 2010	4.680	4.703	4.713	4.665	-0.42%
Apr 12, 2010	4.700	4.769	4.769	4.693	-0.82%
Apr 09, 2010	4.739	4.757	4.777	4.730	-0.29%
Apr 08, 2010	4.753	4.751	4.772	4.722	0.27%
Apr 07, 2010	4.740	4.839	4.858	4.736	-1.90%
Apr 06, 2010	4.831	4.828	4.856	4.809	-0.06%
Apr 05, 2010	4.834	4.805	4.853	4.790	0.70%
Apr 02, 2010	4.801	4.740	4.813	4.728	1.52%
Apr 01, 2010	4.729	4.721	4.770	4.707	0.32%
Mar 31, 2010	4.714	4.752	4.759	4.712	-0.71%
Mar 30, 2010	4.748	4.775	4.804	4.746	-0.50%
Mar 29, 2010	4.772	4.775	4.799	4.759	0.53%
Mar 26, 2010	4.747	4.755	4.783	4.737	-0.34%
Mar 25, 2010	4.763	4.731	4.792	4.707	0.76%
Mar 24, 2010	4.727	4.609	4.743	4.601	2.62%
Mar 23, 2010	4.606	4.577	4.609	4.561	0.78%
Mar 22, 2010	4.571	4.579	4.603	4.562	-0.27%
Mar 19, 2010	4.583	4.596	4.621	4.556	-0.08%
Mar 18, 2010	4.587	4.572	4.596	4.538	0.38%
Mar 17, 2010	4.570	4.595	4.603	4.559	-0.44%
Mar 16, 2010	4.590	4.633	4.646	4.584	-0.84%
Mar 15, 2010	4.629	4.636	4.660	4.607	0.04%
Mar 12, 2010	4.627	4.675	4.705	4.614	-0.86%
Mar 11, 2010	4.667	4.707	4.719	4.654	-0.50%
Mar 10, 2010	4.690	4.683	4.721	4.674	0.23%
Mar 09, 2010	4.679	4.688	4.706	4.651	-0.15%
Mar 08, 2010	4.686	4.654	4.691	4.653	0.82%
Mar 05, 2010	4.648	4.561	4.656	4.558	1.99%
Mar 04, 2010	4.558	4.586	4.604	4.538	-0.56%
Mar 03, 2010	4.583	4.570	4.608	4.558	0.33%
Mar 02, 2010	4.568	4.561	4.605	4.560	0.25%
Mar 01, 2010	4.557	4.566	4.584	4.544	-0.06%
Feb 26, 2010	4.560	4.584	4.595	4.523	-0.46%
Feb 25, 2010	4.581	4.640	4.640	4.573	-1.25%
Feb 24, 2010	4.639	4.644	4.654	4.604	0.11%
Feb 23, 2010	4.634	4.729	4.733	4.626	-2.05%
Feb 22, 2010	4.731	4.705	4.747	4.704	0.55%
Feb 19, 2010	4.705	4.743	4.752	4.690	-0.61%
Feb 18, 2010	4.734	4.699	4.774	4.678	0.82%
Feb 17, 2010	4.695	4.645	4.725	4.642	1.31%
Feb 16, 2010	4.635	4.668	4.689	4.628	-0.46%
Feb 12, 2010	4.656	4.674	4.703	4.632	-0.27%
Feb 11, 2010	4.669	4.641	4.714	4.615	0.70%
Feb 10, 2010	4.636	4.588	4.652	4.548	1.33%
Feb 09, 2010	4.576	4.502	4.588	4.501	1.77%
Feb 08, 2010	4.496	4.533	4.554	4.494	-0.63%
Feb 05, 2010	4.524	4.558	4.581	4.486	-0.58%
Feb 04, 2010	4.551	4.632	4.644	4.523	-1.88%
Feb 03, 2010	4.638	4.573	4.642	4.565	1.70%
Feb 02, 2010	4.561	4.577	4.589	4.547	-0.06%
Feb 01, 2010	4.564	4.505	4.577	4.496	1.57%
Jan 29, 2010	4.493	4.552	4.601	4.488	-1.29%
Jan 28, 2010	4.552	4.570	4.616	4.551	-0.26%
Jan 27, 2010	4.564	4.557	4.569	4.521	0.09%
Jan 26, 2010	4.560	4.551	4.570	4.486	0.19%
Jan 25, 2010	4.551	4.540	4.578	4.528	0.37%
Jan 22, 2010	4.534	4.502	4.537	4.476	0.78%
Jan 21, 2010	4.499	4.536	4.564	4.491	-0.82%
Jan 20, 2010	4.536	4.595	4.598	4.532	-1.16%
Jan 19, 2010	4.589	4.569	4.629	4.549	0.17%
Jan 15, 2010	4.581	4.634	4.635	4.560	-1.12%
Jan 14, 2010	4.633	4.702	4.725	4.611	-1.72%
Jan 13, 2010	4.714	4.618	4.716	4.612	1.97%
Jan 12, 2010	4.623	4.727	4.730	4.617	-2.35%
Jan 11, 2010	4.734	4.700	4.743	4.696	0.37%
Jan 08, 2010	4.717	4.702	4.734	4.663	0.63%
Jan 07, 2010	4.688	4.694	4.720	4.662	-0.06%
Jan 06, 2010	4.690	4.619	4.707	4.615	1.68%
Jan 05, 2010	4.613	4.649	4.663	4.587	-0.71%
Jan 04, 2010	4.646	4.661	4.696	4.630	0.24%
Dec 31, 2009	4.635	4.613	4.714	4.609	0.52%
Dec 30, 2009	4.611	4.653	4.658	4.601	-0.62%
Dec 29, 2009	4.640	4.699	4.719	4.637	-1.14%
Dec 28, 2009	4.694	4.685	4.734	4.677	0.30%
Dec 24, 2009	4.679	4.611	4.687	4.599	1.53%
Dec 23, 2009	4.609	4.616	4.631	4.554	-0.04%
Dec 22, 2009	4.611	4.560	4.631	4.558	1.09%
Dec 21, 2009	4.562	4.460	4.576	4.451	2.27%
Dec 18, 2009	4.460	4.418	4.467	4.399	0.93%
Dec 17, 2009	4.419	4.529	4.530	4.414	-2.38%
Dec 16, 2009	4.527	4.532	4.546	4.484	0.04%
Dec 15, 2009	4.525	4.494	4.556	4.474	0.91%
Dec 14, 2009	4.484	4.504	4.520	4.464	-0.45%
Dec 11, 2009	4.505	4.508	4.554	4.479	-0.06%
Dec 10, 2009	4.508	4.420	4.513	4.399	2.09%
Dec 09, 2009	4.416	4.380	4.457	4.352	0.89%
Dec 08, 2009	4.377	4.400	4.407	4.324	-0.22%
Dec 07, 2009	4.386	4.419	4.426	4.369	-0.36%
Dec 04, 2009	4.402	4.347	4.434	4.321	1.58%
Dec 03, 2009	4.334	4.272	4.340	4.256	1.87%
Dec 02, 2009	4.254	4.279	4.300	4.222	-0.39%
Dec 01, 2009	4.271	4.200	4.280	4.190	1.78%
Nov 30, 2009	4.196	4.207	4.237	4.185	-0.37%
Nov 27, 2009	4.212	4.168	4.233	4.159	-0.54%
Nov 25, 2009	4.234	4.262	4.349	4.214	-0.30%
Nov 24, 2009	4.247	4.279	4.297	4.246	-0.73%
Nov 23, 2009	4.278	4.293	4.354	4.277	-0.43%
Nov 20, 2009	4.297	4.284	4.327	4.267	0.37%
Nov 19, 2009	4.281	4.302	4.304	4.233	-0.49%
Nov 18, 2009	4.302	4.265	4.308	4.242	1.04%
Nov 17, 2009	4.258	4.277	4.313	4.236	-0.62%
Nov 16, 2009	4.285	4.360	4.360	4.256	-1.70%
Nov 13, 2009	4.359	4.407	4.415	4.351	-0.75%
Nov 12, 2009	4.392	4.401	4.479	4.352	-0.49%
Nov 10, 2009	4.413	4.403	4.433	4.334	0.43%
Nov 09, 2009	4.395	4.410	4.430	4.370	-0.13%
Nov 06, 2009	4.400	4.395	4.462	4.357	0.00%
Nov 05, 2009	4.400	4.405	4.437	4.380	-0.02%
Nov 04, 2009	4.401	4.332	4.440	4.327	1.59%
Nov 03, 2009	4.332	4.262	4.349	4.227	1.39%
Nov 02, 2009	4.273	4.248	4.291	4.232	1.05%
Oct 30, 2009	4.229	4.342	4.345	4.223	-2.45%
Oct 29, 2009	4.335	4.262	4.364	4.244	1.71%
Oct 28, 2009	4.262	4.287	4.301	4.232	-0.46%
Oct 27, 2009	4.282	4.369	4.384	4.277	-1.96%
Oct 26, 2009	4.368	4.300	4.388	4.284	1.76%
Oct 23, 2009	4.292	4.259	4.301	4.251	1.15%
Oct 22, 2009	4.243	4.202	4.273	4.196	0.68%
Oct 21, 2009	4.215	4.175	4.247	4.150	1.18%
Oct 20, 2009	4.166	4.225	4.232	4.123	-0.85%
Oct 19, 2009	4.201	4.266	4.280	4.186	-0.97%
Oct 16, 2009	4.242	4.327	4.328	4.235	-1.48%
Oct 15, 2009	4.306	4.277	4.325	4.244	0.98%
Oct 14, 2009	4.264	4.204	4.292	4.183	1.78%
Oct 13, 2009	4.190	4.234	4.234	4.148	-0.89%
Oct 09, 2009	4.227	4.107	4.248	4.071	3.45%
Oct 08, 2009	4.086	4.001	4.100	3.960	2.08%
Oct 07, 2009	4.003	4.066	4.072	3.990	-1.60%
Oct 06, 2009	4.068	4.023	4.081	3.995	1.37%
Oct 05, 2009	4.013	4.001	4.025	3.967	0.36%
Oct 02, 2009	3.999	3.951	4.020	3.891	1.02%
Oct 01, 2009	3.958	4.059	4.068	3.936	-2.23%
Sep 30, 2009	4.048	4.024	4.068	4.021	0.74%
Sep 29, 2009	4.018	4.037	4.095	4.017	-0.26%
Sep 28, 2009	4.029	4.067	4.100	4.026	-1.58%
Sep 25, 2009	4.093	4.166	4.187	4.089	-1.87%
Sep 24, 2009	4.172	4.201	4.212	4.154	-0.74%
Sep 23, 2009	4.203	4.203	4.292	4.180	0.21%
Sep 22, 2009	4.194	4.239	4.274	4.192	-1.01%
Sep 21, 2009	4.237	4.224	4.266	4.189	0.34%
Sep 18, 2009	4.222	4.179	4.241	4.155	1.39%
Sep 17, 2009	4.165	4.263	4.286	4.164	-2.37%
Sep 16, 2009	4.266	4.266	4.312	4.199	-0.13%
Sep 15, 2009	4.271	4.224	4.293	4.213	0.98%
Sep 14, 2009	4.230	4.180	4.241	4.158	1.11%
Sep 11, 2009	4.183	4.208	4.212	4.104	-0.43%
Sep 10, 2009	4.201	4.339	4.356	4.165	-3.01%
Sep 09, 2009	4.331	4.321	4.392	4.304	0.30%
Sep 08, 2009	4.318	4.289	4.328	4.244	1.21%
Sep 04, 2009	4.267	4.160	4.280	4.155	2.46%
Sep 03, 2009	4.164	4.121	4.183	4.120	1.00%
Sep 02, 2009	4.123	4.200	4.217	4.092	-1.74%
Sep 01, 2009	4.196	4.180	4.265	4.161	0.36%
Aug 31, 2009	4.181	4.219	4.250	4.163	-0.40%
Aug 28, 2009	4.198	4.234	4.295	4.191	-0.72%
Aug 27, 2009	4.228	4.219	4.269	4.176	0.72%
Aug 26, 2009	4.198	4.226	4.243	4.188	-0.59%
Aug 25, 2009	4.223	4.270	4.299	4.219	-0.99%
Aug 24, 2009	4.265	4.363	4.419	4.261	-2.53%
Aug 21, 2009	4.376	4.250	4.393	4.206	3.21%
Aug 20, 2009	4.240	4.300	4.327	4.228	-1.09%
Aug 19, 2009	4.287	4.357	4.364	4.254	-1.60%
Aug 18, 2009	4.356	4.342	4.368	4.312	0.70%
Aug 17, 2009	4.326	4.415	4.421	4.316	-2.14%
Aug 14, 2009	4.421	4.447	4.471	4.352	-0.26%
Aug 13, 2009	4.432	4.540	4.588	4.415	-2.25%
Aug 12, 2009	4.534	4.462	4.562	4.411	2.15%
Aug 11, 2009	4.439	4.540	4.557	4.436	-1.85%
Aug 10, 2009	4.522	4.636	4.647	4.517	-1.87%
Aug 07, 2009	4.609	4.566	4.718	4.518	1.59%
Aug 06, 2009	4.536	4.565	4.609	4.499	-0.57%
Aug 05, 2009	4.562	4.475	4.574	4.435	2.15%
Aug 04, 2009	4.466	4.418	4.511	4.354	1.39%
Aug 03, 2009	4.405	4.327	4.436	4.317	2.39%
Jul 31, 2009	4.302	4.432	4.518	4.294	-2.63%
Jul 30, 2009	4.418	4.571	4.571	4.411	-2.04%
Jul 29, 2009	4.510	4.545	4.578	4.473	-0.96%
Jul 28, 2009	4.554	4.622	4.649	4.512	-1.57%
Jul 27, 2009	4.627	4.582	4.657	4.545	1.84%
Jul 24, 2009	4.543	4.557	4.596	4.523	-0.20%
Jul 23, 2009	4.552	4.448	4.602	4.402	2.35%
Jul 22, 2009	4.448	4.401	4.473	4.367	1.37%
Jul 21, 2009	4.388	4.524	4.576	4.368	-2.85%
Jul 20, 2009	4.516	4.530	4.605	4.459	-0.52%
Jul 17, 2009	4.540	4.454	4.550	4.423	1.99%
Jul 16, 2009	4.451	4.486	4.500	4.407	-0.98%
Jul 15, 2009	4.495	4.382	4.526	4.351	2.73%
Jul 14, 2009	4.376	4.234	4.387	4.216	3.22%
Jul 13, 2009	4.240	4.209	4.249	4.169	1.08%
Jul 10, 2009	4.194	4.310	4.312	4.189	-2.50%
Jul 09, 2009	4.302	4.196	4.327	4.196	2.79%
Jul 08, 2009	4.185	4.308	4.325	4.156	-2.84%
Jul 07, 2009	4.308	4.365	4.393	4.293	-1.17%
Jul 06, 2009	4.359	4.340	4.391	4.303	0.72%
Jul 02, 2009	4.327	4.340	4.383	4.296	-0.24%
Jul 01, 2009	4.338	4.330	4.396	4.318	0.15%
Jun 30, 2009	4.331	4.302	4.379	4.274	1.08%
Jun 29, 2009	4.285	4.338	4.359	4.265	-1.26%
Jun 26, 2009	4.340	4.345	4.372	4.291	0.18%
Jun 25, 2009	4.332	4.426	4.459	4.315	-2.21%
Jun 24, 2009	4.430	4.368	4.452	4.346	1.63%
Jun 23, 2009	4.359	4.449	4.477	4.356	-1.78%
Jun 22, 2009	4.438	4.520	4.530	4.424	-1.52%
Jun 19, 2009	4.506	4.602	4.638	4.503	-1.76%
Jun 18, 2009	4.587	4.542	4.643	4.505	1.57%
Jun 17, 2009	4.516	4.485	4.522	4.400	0.88%
Jun 16, 2009	4.477	4.570	4.616	4.459	-1.91%
Jun 15, 2009	4.564	4.632	4.634	4.554	-1.76%
Jun 12, 2009	4.645	4.695	4.695	4.592	-1.16%
Jun 11, 2009	4.700	4.768	4.842	4.659	-1.35%
Jun 10, 2009	4.764	4.673	4.771	4.666	2.31%
Jun 09, 2009	4.656	4.631	4.687	4.577	0.35%
Jun 08, 2009	4.640	4.652	4.702	4.563	-0.04%
Jun 05, 2009	4.642	4.582	4.716	4.556	1.23%
Jun 04, 2009	4.586	4.463	4.616	4.455	3.07%
Jun 03, 2009	4.449	4.486	4.518	4.436	-0.76%
Jun 02, 2009	4.483	4.535	4.557	4.478	-1.19%
Jun 01, 2009	4.538	4.365	4.582	4.340	4.74%
May 29, 2009	4.332	4.494	4.522	4.325	-3.56%
May 28, 2009	4.492	4.632	4.663	4.480	-3.42%
May 27, 2009	4.651	4.494	4.659	4.453	3.47%
May 26, 2009	4.495	4.385	4.501	4.339	2.54%
May 22, 2009	4.384	4.317	4.396	4.265	1.10%
May 21, 2009	4.336	4.157	4.338	4.103	4.57%
May 20, 2009	4.147	4.217	4.241	4.139	-1.49%
May 19, 2009	4.209	4.208	4.279	4.180	0.17%
May 18, 2009	4.202	4.074	4.213	4.044	2.85%
May 15, 2009	4.085	4.063	4.109	4.032	0.85%
May 14, 2009	4.051	4.102	4.122	4.048	-1.00%
May 13, 2009	4.092	4.166	4.198	4.076	-1.73%
May 12, 2009	4.164	4.186	4.237	4.138	-0.22%
May 11, 2009	4.173	4.274	4.292	4.171	-2.24%
May 08, 2009	4.269	4.351	4.386	4.244	-0.98%
May 07, 2009	4.311	4.102	4.313	4.089	5.43%
May 06, 2009	4.089	4.063	4.109	4.026	0.72%
May 05, 2009	4.060	4.065	4.107	4.034	0.24%
May 04, 2009	4.050	4.071	4.152	4.038	-0.72%
May 01, 2009	4.079	4.034	4.124	4.030	0.99%
Apr 30, 2009	4.039	4.032	4.092	4.017	0.26%
Apr 29, 2009	4.029	3.974	4.069	3.901	1.87%
Apr 28, 2009	3.955	3.829	3.979	3.799	3.15%
Apr 27, 2009	3.834	3.852	3.911	3.827	-1.22%
Apr 24, 2009	3.881	3.794	3.905	3.778	2.28%
Apr 23, 2009	3.795	3.812	3.841	3.789	-0.46%
Apr 22, 2009	3.812	3.745	3.837	3.711	1.92%
Apr 21, 2009	3.740	3.696	3.751	3.626	1.19%
Apr 20, 2009	3.696	3.805	3.805	3.682	-2.87%
Apr 17, 2009	3.805	3.723	3.812	3.698	2.31%
Apr 16, 2009	3.719	3.662	3.727	3.661	1.46%
Apr 15, 2009	3.666	3.659	3.725	3.612	0.22%
Apr 14, 2009	3.658	3.718	3.738	3.642	-1.48%
Apr 13, 2009	3.713	3.747	3.776	3.670	-0.91%
Apr 09, 2009	3.747	3.673	3.784	3.670	1.97%
Apr 08, 2009	3.675	3.718	3.733	3.650	-1.16%
Apr 07, 2009	3.718	3.731	3.748	3.711	-0.35%
Apr 06, 2009	3.731	3.695	3.760	3.695	0.97%
Apr 03, 2009	3.695	3.605	3.730	3.563	2.50%
Apr 02, 2009	3.605	3.505	3.605	3.487	2.85%
Apr 01, 2009	3.505	3.537	3.569	3.491	-0.90%
Mar 31, 2009	3.537	3.601	3.629	3.527	-1.78%
Mar 30, 2009	3.601	3.619	3.655	3.595	-0.46%
Mar 27, 2009	3.618	3.658	3.682	3.584	-1.08%
Mar 26, 2009	3.657	3.744	3.772	3.643	-2.31%
Mar 25, 2009	3.743	3.635	3.749	3.628	2.61%
Mar 24, 2009	3.648	3.691	3.777	3.575	-1.17%
Mar 23, 2009	3.691	3.654	3.711	3.632	0.97%
Mar 20, 2009	3.656	3.636	3.674	3.593	0.61%
Mar 19, 2009	3.634	3.542	3.644	3.505	2.96%
Mar 18, 2009	3.530	3.827	3.847	3.346	-7.81%
Mar 17, 2009	3.829	3.766	3.835	3.697	1.84%
Mar 16, 2009	3.760	3.677	3.829	3.662	2.24%
Mar 13, 2009	3.677	3.612	3.700	3.598	1.90%
Mar 12, 2009	3.609	3.661	3.697	3.592	-1.55%
Mar 11, 2009	3.666	3.729	3.775	3.643	-1.72%
Mar 10, 2009	3.730	3.574	3.733	3.566	4.56%
Mar 09, 2009	3.567	3.554	3.625	3.507	0.26%
Mar 06, 2009	3.558	3.489	3.575	3.444	1.66%
Mar 05, 2009	3.500	3.665	3.708	3.471	-4.59%
Mar 04, 2009	3.668	3.608	3.734	3.606	1.75%
Mar 03, 2009	3.605	3.608	3.700	3.593	-0.26%
Mar 02, 2009	3.615	3.707	3.710	3.598	-2.52%
Feb 27, 2009	3.708	3.679	3.749	3.604	0.77%
Feb 26, 2009	3.680	3.592	3.699	3.579	2.61%
Feb 25, 2009	3.586	3.498	3.615	3.474	2.52%
Feb 24, 2009	3.498	3.513	3.540	3.413	-0.41%
Feb 23, 2009	3.513	3.579	3.652	3.508	-1.84%
Feb 20, 2009	3.579	3.668	3.671	3.491	-2.57%
Feb 19, 2009	3.673	3.555	3.691	3.535	3.43%
Feb 18, 2009	3.551	3.476	3.688	3.406	2.12%
Feb 17, 2009	3.477	3.680	3.689	3.472	-5.48%
Feb 13, 2009	3.679	3.521	3.695	3.495	4.55%
Feb 12, 2009	3.519	3.448	3.540	3.416	2.01%
Feb 11, 2009	3.450	3.495	3.526	3.418	-1.15%
Feb 10, 2009	3.490	3.648	3.664	3.481	-4.39%
Feb 09, 2009	3.650	3.698	3.764	3.643	-1.38%
Feb 06, 2009	3.701	3.652	3.704	3.615	1.39%
Feb 05, 2009	3.650	3.682	3.687	3.590	-0.71%
Feb 04, 2009	3.676	3.676	3.733	3.614	-0.24%
Feb 03, 2009	3.685	3.605	3.686	3.463	6.02%
Feb 02, 2009	3.476	3.605	3.608	3.461	-3.68%
Jan 30, 2009	3.609	3.609	3.613	3.512	-0.28%
Jan 29, 2009	3.619	3.429	3.635	3.396	5.55%
Jan 28, 2009	3.428	3.247	3.468	3.224	5.68%
Jan 27, 2009	3.244	3.379	3.391	3.233	-3.98%
Jan 26, 2009	3.379	3.327	3.417	3.314	1.73%
Jan 23, 2009	3.321	3.264	3.388	3.224	1.82%
Jan 22, 2009	3.262	3.159	3.299	3.110	2.69%
Jan 21, 2009	3.176	2.983	3.179	2.968	6.41%
Jan 20, 2009	2.985	2.898	3.082	2.898	2.40%
Jan 16, 2009	2.915	2.869	3.001	2.851	1.62%
Jan 15, 2009	2.868	2.882	2.899	2.828	-0.53%
Jan 14, 2009	2.884	3.001	3.035	2.876	-3.92%
Jan 13, 2009	3.001	2.990	3.033	2.973	0.13%
Jan 12, 2009	2.997	3.054	3.110	2.986	-2.07%
Jan 09, 2009	3.061	3.046	3.115	2.997	0.40%
Jan 08, 2009	3.049	2.994	3.058	2.985	0.31%
Jan 07, 2009	3.039	3.057	3.101	2.994	1.33%
Jan 06, 2009	2.999	3.040	3.134	2.981	-1.10%
Jan 05, 2009	3.032	2.798	3.044	2.795	8.85%
Jan 02, 2009	2.786	2.685	2.837	2.620	3.96%
Dec 31, 2008	2.680	2.568	2.705	2.552	5.21%
Dec 30, 2008	2.547	2.648	2.677	2.540	-3.37%
Dec 29, 2008	2.636	2.609	2.648	2.565	1.11%
Dec 26, 2008	2.607	2.632	2.637	2.588	-0.93%
Dec 24, 2008	2.631	2.636	2.657	2.624	-0.33%
Dec 23, 2008	2.640	2.618	2.690	2.593	0.56%
Dec 22, 2008	2.625	2.551	2.674	2.550	2.85%
Dec 19, 2008	2.553	2.516	2.614	2.516	1.45%
Dec 18, 2008	2.516	2.516	2.516	2.514	-5.31%
Dec 17, 2008	2.657	2.786	2.786	2.582	-2.24%
Dec 16, 2008	2.718	2.956	2.984	2.712	-8.23%
Dec 15, 2008	2.962	3.047	3.089	2.946	-2.73%
Dec 12, 2008	3.045	3.064	3.177	2.975	-0.77%
Dec 11, 2008	3.068	3.095	3.135	3.044	-0.69%
Dec 10, 2008	3.090	3.043	3.125	3.042	1.48%
Dec 09, 2008	3.045	3.163	3.170	3.036	-3.47%
Dec 08, 2008	3.154	3.125	3.183	3.092	1.05%
Dec 05, 2008	3.121	3.045	3.139	3.007	2.69%
Dec 04, 2008	3.039	3.164	3.184	3.038	-3.72%
Dec 03, 2008	3.157	3.190	3.271	3.156	-0.84%
Dec 02, 2008	3.184	3.219	3.309	3.168	-0.93%
Dec 01, 2008	3.214	3.491	3.491	3.181	-6.52%
Nov 28, 2008	3.438	3.621	3.622	3.435	-2.43%
Nov 26, 2008	3.523	3.626	3.631	3.507	-2.48%
Nov 25, 2008	3.613	3.788	3.789	3.584	-4.41%
Nov 24, 2008	3.780	3.695	3.799	3.652	2.44%
Nov 21, 2008	3.690	3.911	3.913	3.474	-5.64%
Nov 20, 2008	3.910	3.918	3.938	3.910	-0.13%
Nov 19, 2008	3.915	4.118	4.138	3.909	-4.88%
Nov 18, 2008	4.116	4.195	4.197	4.105	-1.86%
Nov 17, 2008	4.195	4.229	4.251	4.173	-0.85%
Nov 14, 2008	4.231	4.362	4.364	4.200	-2.95%
Nov 13, 2008	4.359	4.171	4.366	4.152	4.45%
Nov 12, 2008	4.173	4.204	4.205	4.142	-0.70%
Nov 10, 2008	4.203	4.268	4.325	4.192	-1.53%
Nov 07, 2008	4.268	4.196	4.286	4.166	1.68%
Nov 06, 2008	4.197	4.170	4.262	4.148	0.54%
Nov 05, 2008	4.175	4.199	4.246	4.122	-0.45%
Nov 04, 2008	4.194	4.327	4.367	4.190	-3.03%
Nov 03, 2008	4.325	4.371	4.400	4.318	-1.08%
Oct 31, 2008	4.372	4.273	4.398	4.231	0.92%
Oct 30, 2008	4.332	4.259	4.339	4.235	2.16%
Oct 29, 2008	4.241	4.179	4.261	4.144	1.24%
Oct 28, 2008	4.188	4.120	4.210	4.078	3.54%
Oct 27, 2008	4.045	4.025	4.131	3.987	-0.66%
Oct 24, 2008	4.072	3.902	4.111	3.882	0.53%
Oct 23, 2008	4.050	4.034	4.082	3.943	-0.32%
Oct 22, 2008	4.063	4.130	4.163	4.053	-3.56%
Oct 21, 2008	4.214	4.266	4.269	4.159	-1.67%
Oct 20, 2008	4.285	4.358	4.379	4.239	-0.87%
Oct 17, 2008	4.323	4.261	4.373	4.229	1.51%
Oct 16, 2008	4.259	4.230	4.276	4.196	1.57%
Oct 15, 2008	4.193	4.242	4.316	4.193	-2.15%
Oct 14, 2008	4.285	4.293	4.326	4.228	3.76%
Oct 10, 2008	4.130	4.104	4.161	4.076	0.70%
Oct 09, 2008	4.101	4.017	4.150	3.986	1.25%
Oct 08, 2008	4.051	4.022	4.128	3.896	0.43%
Oct 07, 2008	4.034	3.990	4.081	3.958	1.50%
Oct 06, 2008	3.974	4.022	4.097	3.931	-2.86%
Oct 03, 2008	4.091	4.082	4.244	4.062	-1.48%
Oct 02, 2008	4.152	4.179	4.194	4.139	-1.59%
Oct 01, 2008	4.219	4.231	4.276	4.138	-2.21%
Sep 30, 2008	4.315	4.149	4.331	4.135	4.85%
Sep 29, 2008	4.115	4.327	4.368	4.105	-5.89%
Sep 26, 2008	4.373	4.393	4.393	4.334	-0.83%
Sep 25, 2008	4.410	4.411	4.444	4.333	-0.15%
Sep 24, 2008	4.416	4.403	4.475	4.330	0.73%
Sep 23, 2008	4.384	4.405	4.446	4.378	-0.83%
Sep 22, 2008	4.421	4.399	4.477	4.361	0.79%
Sep 19, 2008	4.386	4.188	4.423	4.187	4.66%
Sep 18, 2008	4.191	4.079	4.195	4.055	2.74%
Sep 17, 2008	4.079	4.124	4.162	3.978	-0.36%
Sep 16, 2008	4.094	4.053	4.155	3.896	1.72%
Sep 15, 2008	4.024	4.319	4.320	4.015	-6.75%
Sep 12, 2008	4.316	4.217	4.340	4.201	2.17%
Sep 11, 2008	4.224	4.221	4.242	4.169	-0.06%
Sep 10, 2008	4.227	4.165	4.252	4.164	1.35%
Sep 09, 2008	4.170	4.284	4.292	4.170	-2.46%
Sep 08, 2008	4.275	4.280	4.402	4.248	-0.72%
Sep 05, 2008	4.306	4.274	4.310	4.208	1.05%
Sep 04, 2008	4.262	4.321	4.349	4.262	-1.37%
Sep 03, 2008	4.321	4.356	4.376	4.315	-0.87%
Sep 02, 2008	4.359	4.425	4.471	4.347	-1.50%
Aug 29, 2008	4.425	4.380	4.439	4.365	1.00%
Aug 28, 2008	4.381	4.385	4.427	4.370	0.06%
Aug 27, 2008	4.379	4.396	4.450	4.379	-0.26%
Aug 26, 2008	4.390	4.388	4.422	4.383	-0.06%
Aug 25, 2008	4.393	4.467	4.470	4.372	-1.69%
Aug 22, 2008	4.468	4.464	4.502	4.452	0.11%
Aug 21, 2008	4.463	4.448	4.494	4.425	0.34%
Aug 20, 2008	4.448	4.467	4.483	4.423	-0.45%
Aug 19, 2008	4.468	4.438	4.482	4.427	0.62%
Aug 18, 2008	4.441	4.472	4.487	4.432	-0.64%
Aug 15, 2008	4.469	4.522	4.542	4.467	-1.25%
Aug 14, 2008	4.526	4.570	4.583	4.498	-0.95%
Aug 13, 2008	4.569	4.544	4.589	4.517	0.68%
Aug 12, 2008	4.538	4.615	4.631	4.537	-1.56%
Aug 11, 2008	4.610	4.543	4.653	4.530	1.48%
Aug 08, 2008	4.543	4.553	4.595	4.534	-0.31%
Aug 07, 2008	4.557	4.694	4.706	4.545	-3.06%
Aug 06, 2008	4.701	4.650	4.709	4.627	1.23%
Aug 05, 2008	4.644	4.590	4.653	4.564	1.16%
Aug 04, 2008	4.591	4.565	4.609	4.557	0.48%
Aug 01, 2008	4.569	4.580	4.628	4.556	-0.13%
Jul 31, 2008	4.575	4.650	4.665	4.570	-1.55%
Jul 30, 2008	4.647	4.634	4.705	4.606	0.39%
Jul 29, 2008	4.628	4.617	4.676	4.606	0.41%
Jul 28, 2008	4.609	4.688	4.701	4.588	-1.74%
Jul 25, 2008	4.691	4.610	4.702	4.572	2.02%
Jul 24, 2008	4.598	4.679	4.696	4.598	-1.66%
Jul 23, 2008	4.676	4.675	4.719	4.664	0.30%
Jul 22, 2008	4.662	4.629	4.697	4.609	0.94%
Jul 21, 2008	4.618	4.662	4.680	4.616	-0.65%
Jul 18, 2008	4.648	4.615	4.670	4.578	0.87%
Jul 17, 2008	4.608	4.581	4.654	4.563	0.44%
Jul 16, 2008	4.588	4.471	4.605	4.449	2.81%
Jul 15, 2008	4.463	4.460	4.484	4.426	0.04%
Jul 14, 2008	4.461	4.529	4.575	4.436	-1.87%
Jul 11, 2008	4.546	4.421	4.546	4.409	2.97%
Jul 10, 2008	4.415	4.414	4.463	4.405	0.00%
Jul 09, 2008	4.415	4.456	4.479	4.413	-0.86%
Jul 08, 2008	4.453	4.492	4.515	4.451	-0.80%
Jul 07, 2008	4.489	4.536	4.565	4.451	-1.03%
Jul 03, 2008	4.536	4.512	4.569	4.480	0.74%
Jul 02, 2008	4.503	4.549	4.576	4.497	-1.10%
Jul 01, 2008	4.552	4.518	4.554	4.472	0.65%
Jun 30, 2008	4.523	4.603	4.604	4.495	-0.02%
Jun 27, 2008	4.524	4.607	4.618	4.518	-1.57%
Jun 26, 2008	4.596	4.645	4.695	4.593	-1.06%
Jun 25, 2008	4.645	4.641	4.718	4.639	-0.13%
Jun 24, 2008	4.651	4.711	4.720	4.634	-1.12%
Jun 23, 2008	4.704	4.726	4.727	4.673	-0.52%
Jun 20, 2008	4.728	4.770	4.771	4.694	-0.67%
Jun 19, 2008	4.760	4.719	4.781	4.693	0.85%
Jun 18, 2008	4.720	4.778	4.790	4.708	-0.91%
Jun 17, 2008	4.763	4.796	4.814	4.735	-0.69%
Jun 16, 2008	4.797	4.792	4.811	4.744	0.09%
Jun 13, 2008	4.792	4.767	4.808	4.740	0.77%
Jun 12, 2008	4.756	4.698	4.800	4.689	1.20%
Jun 11, 2008	4.700	4.703	4.735	4.645	0.17%
Jun 10, 2008	4.691	4.627	4.727	4.617	1.05%
Jun 09, 2008	4.643	4.631	4.689	4.589	0.39%
Jun 06, 2008	4.625	4.739	4.748	4.622	-2.40%
Jun 05, 2008	4.738	4.697	4.756	4.676	0.85%
Jun 04, 2008	4.698	4.626	4.720	4.587	1.68%
Jun 03, 2008	4.621	4.673	4.724	4.603	-1.16%
Jun 02, 2008	4.675	4.718	4.732	4.657	-1.06%
May 30, 2008	4.725	4.756	4.762	4.697	-0.58%
May 29, 2008	4.753	4.707	4.808	4.686	1.42%
May 28, 2008	4.686	4.640	4.721	4.626	0.94%
May 27, 2008	4.643	4.577	4.656	4.569	1.42%
May 23, 2008	4.578	4.623	4.645	4.557	-1.08%
May 22, 2008	4.628	4.550	4.668	4.529	1.88%
May 21, 2008	4.542	4.536	4.584	4.523	0.15%
May 20, 2008	4.535	4.571	4.596	4.529	-0.95%
May 19, 2008	4.579	4.578	4.622	4.542	-0.02%
May 16, 2008	4.580	4.555	4.609	4.503	0.63%
May 15, 2008	4.551	4.615	4.654	4.545	-1.46%
May 14, 2008	4.618	4.629	4.678	4.563	-0.35%
May 13, 2008	4.634	4.538	4.644	4.492	2.10%
May 12, 2008	4.539	4.524	4.552	4.477	0.26%
May 09, 2008	4.527	4.542	4.546	4.490	-0.41%
May 08, 2008	4.546	4.603	4.638	4.534	-1.44%
May 07, 2008	4.612	4.669	4.690	4.602	-1.25%
May 06, 2008	4.671	4.596	4.675	4.549	1.33%
May 05, 2008	4.609	4.584	4.635	4.562	0.65%
May 02, 2008	4.580	4.499	4.592	4.446	1.85%
May 01, 2008	4.496	4.473	4.523	4.423	0.50%
Apr 30, 2008	4.474	4.536	4.595	4.464	-1.73%
Apr 29, 2008	4.553	4.561	4.576	4.508	-0.28%
Apr 28, 2008	4.566	4.593	4.637	4.547	-0.71%
Apr 25, 2008	4.598	4.565	4.619	4.542	1.09%
Apr 24, 2008	4.549	4.501	4.591	4.473	1.15%
Apr 23, 2008	4.497	4.445	4.536	4.433	1.02%
Apr 22, 2008	4.452	4.484	4.519	4.436	-0.95%
Apr 21, 2008	4.494	4.484	4.494	4.475	-0.09%
Apr 18, 2008	4.498	4.518	4.585	4.491	-0.73%
Apr 17, 2008	4.531	4.511	4.552	4.482	0.45%
Apr 16, 2008	4.511	4.435	4.547	4.417	1.50%
Apr 15, 2008	4.444	4.348	4.448	4.332	2.16%
Apr 14, 2008	4.350	4.298	4.355	4.277	1.08%
Apr 11, 2008	4.304	4.352	4.361	4.281	-1.16%
Apr 10, 2008	4.354	4.319	4.378	4.293	0.80%
Apr 09, 2008	4.319	4.372	4.390	4.297	-1.54%
Apr 08, 2008	4.387	4.363	4.396	4.306	0.87%
Apr 07, 2008	4.349	4.310	4.416	4.310	0.93%
Apr 04, 2008	4.309	4.388	4.390	4.299	-1.69%
Apr 03, 2008	4.383	4.412	4.413	4.351	-0.60%
Apr 02, 2008	4.410	4.404	4.436	4.338	0.17%
Apr 01, 2008	4.402	4.317	4.423	4.305	2.37%
Mar 31, 2008	4.300	4.317	4.344	4.262	-0.13%
Mar 28, 2008	4.306	4.398	4.423	4.306	-1.75%
Mar 27, 2008	4.382	4.324	4.418	4.320	1.65%
Mar 26, 2008	4.311	4.317	4.348	4.273	0.04%
Mar 25, 2008	4.309	4.350	4.355	4.294	-1.33%
Mar 24, 2008	4.367	4.167	4.376	4.166	4.80%
Mar 20, 2008	4.167	4.216	4.242	4.158	-0.84%
Mar 19, 2008	4.202	4.336	4.380	4.202	-3.51%
Mar 18, 2008	4.355	4.291	4.362	4.276	1.98%
Mar 17, 2008	4.271	4.364	4.365	4.261	-2.44%
Mar 14, 2008	4.378	4.445	4.458	4.296	-1.60%
Mar 13, 2008	4.449	4.406	4.492	4.343	1.15%
Mar 12, 2008	4.398	4.515	4.534	4.379	-2.53%
Mar 11, 2008	4.513	4.473	4.566	4.451	1.04%
Mar 10, 2008	4.466	4.561	4.562	4.425	-1.79%
Mar 07, 2008	4.548	4.566	4.599	4.436	-0.26%
Mar 06, 2008	4.560	4.607	4.612	4.547	-0.73%
Mar 05, 2008	4.593	4.498	4.618	4.474	1.65%
Mar 04, 2008	4.518	4.440	4.533	4.407	1.85%
Mar 03, 2008	4.437	4.424	4.468	4.393	0.61%
Feb 29, 2008	4.410	4.520	4.527	4.399	-2.38%
Feb 28, 2008	4.517	4.653	4.654	4.512	-2.91%
Feb 27, 2008	4.653	4.656	4.701	4.599	-0.15%
Feb 26, 2008	4.660	4.658	4.692	4.636	-0.22%
Feb 25, 2008	4.670	4.583	4.690	4.571	1.87%
Feb 22, 2008	4.584	4.545	4.594	4.490	0.61%
Feb 21, 2008	4.556	4.606	4.618	4.515	-1.24%
Feb 20, 2008	4.614	4.670	4.721	4.602	-1.09%
Feb 19, 2008	4.665	4.583	4.676	4.545	1.81%
Feb 15, 2008	4.582	4.626	4.670	4.574	-1.54%
Feb 14, 2008	4.654	4.533	4.694	4.510	2.51%
Feb 13, 2008	4.540	4.460	4.548	4.438	1.87%
Feb 12, 2008	4.457	4.401	4.499	4.395	1.23%