"Data","Ultimo","Apertura","Massimo","Minimo","Var. %"
"23.01.2014","0,6010","0,6033","0,6039","0,6007","-0,40"
"22.01.2014","0,6034","0,6068","0,6079","0,6028","-0,58"
"21.01.2014","0,6069","0,6085","0,6098","0,6065","-0,28"
"20.01.2014","0,6086","0,6088","0,6100","0,6077","-0,05"
"17.01.2014","0,6089","0,6114","0,6132","0,6075","-0,43"
"16.01.2014","0,6115","0,6108","0,6129","0,6104","0,10"
"15.01.2014","0,6109","0,6082","0,6127","0,6080","0,44"
"14.01.2014","0,6082","0,6104","0,6109","0,6073","-0,36"
"13.01.2014","0,6104","0,6068","0,6117","0,6057","0,61"
"10.01.2014","0,6067","0,6067","0,6098","0,6053","-0,02"
"09.01.2014","0,6068","0,6079","0,6082","0,6061","-0,18"
"08.01.2014","0,6079","0,6096","0,6107","0,6070","-0,30"
"07.01.2014","0,6097","0,6095","0,6108","0,6082","0,02"
"06.01.2014","0,6096","0,6092","0,6120","0,6084","0,08"
"03.01.2014","0,6091","0,6078","0,6100","0,6069","0,21"
"02.01.2014","0,6078","0,6035","0,6094","0,6022","0,68"
"01.01.2014","0,6037","0,6039","0,6051","0,6031","-0,03"
"31.12.2013","0,6039","0,6059","0,6070","0,6031","-0,35"
"30.12.2013","0,6060","0,6071","0,6076","0,6048","-0,13"
"27.12.2013","0,6068","0,6092","0,6095","0,6031","-0,41"
"26.12.2013","0,6093","0,6115","0,6117","0,6082","-0,38"
"25.12.2013","0,6116","0,6106","0,6136","0,6105","0,15"
"24.12.2013","0,6107","0,6113","0,6127","0,6104","-0,11"
"23.12.2013","0,6114","0,6122","0,6127","0,6106","-0,13"
"20.12.2013","0,6122","0,6108","0,6130","0,6098","0,25"
"19.12.2013","0,6107","0,6101","0,6122","0,6098","0,10"
"18.12.2013","0,6101","0,6147","0,6149","0,6065","-0,78"
"17.12.2013","0,6149","0,6135","0,6165","0,6120","0,21"
"16.12.2013","0,6136","0,6133","0,6139","0,6116","0,00"
"13.12.2013","0,6136","0,6115","0,6149","0,6111","0,33"
"12.12.2013","0,6116","0,6106","0,6128","0,6090","0,15"
"11.12.2013","0,6107","0,6080","0,6121","0,6075","0,44"
"10.12.2013","0,6080","0,6086","0,6090","0,6072","-0,11"
"09.12.2013","0,6087","0,6117","0,6127","0,6085","-0,47"
"06.12.2013","0,6116","0,6121","0,6136","0,6099","-0,08"
"05.12.2013","0,6121","0,6102","0,6136","0,6095","0,29"
"04.12.2013","0,6103","0,6100","0,6125","0,6095","0,05"
"03.12.2013","0,6100","0,6113","0,6118","0,6083","-0,23"
"02.12.2013","0,6114","0,6110","0,6119","0,6081","0,07"
"29.11.2013","0,6110","0,6117","0,6130","0,6102","-0,15"
"28.11.2013","0,6119","0,6139","0,6144","0,6112","-0,33"
"27.11.2013","0,6139","0,6166","0,6174","0,6123","-0,45"
"26.11.2013","0,6167","0,6189","0,6197","0,6164","-0,37"
"25.11.2013","0,6190","0,6161","0,6199","0,6156","0,44"
"22.11.2013","0,6163","0,6172","0,6182","0,6162","-0,16"
"21.11.2013","0,6173","0,6208","0,6222","0,6171","-0,60"
"20.11.2013","0,6210","0,6203","0,6216","0,6180","0,11"
"19.11.2013","0,6203","0,6207","0,6228","0,6198","-0,08"
"18.11.2013","0,6208","0,6202","0,6219","0,6192","0,08"
"15.11.2013","0,6203","0,6224","0,6232","0,6197","-0,34"
"14.11.2013","0,6224","0,6227","0,6255","0,6210","-0,06"
"13.11.2013","0,6228","0,6287","0,6298","0,6223","-0,95"
"12.11.2013","0,6288","0,6254","0,6308","0,6252","0,54"
"11.11.2013","0,6254","0,6244","0,6263","0,6240","0,18"
"08.11.2013","0,6243","0,6212","0,6267","0,6208","0,50"
"07.11.2013","0,6212","0,6218","0,6247","0,6205","-0,10"
"06.11.2013","0,6218","0,6232","0,6234","0,6203","-0,22"
"05.11.2013","0,6232","0,6262","0,6270","0,6225","-0,48"
"04.11.2013","0,6262","0,6279","0,6288","0,6257","-0,27"
"01.11.2013","0,6279","0,6232","0,6286","0,6231","0,74"
"31.10.2013","0,6233","0,6234","0,6248","0,6222","-0,03"
"30.10.2013","0,6235","0,6231","0,6251","0,6219","0,06"
"29.10.2013","0,6231","0,6193","0,6241","0,6193","0,58"
"28.10.2013","0,6195","0,6186","0,6203","0,6169","0,15"
"25.10.2013","0,6186","0,6172","0,6193","0,6154","0,23"
"24.10.2013","0,6172","0,6186","0,6198","0,6163","-0,24"
"23.10.2013","0,6187","0,6158","0,6203","0,6150","0,45"
"22.10.2013","0,6159","0,6192","0,6206","0,6153","-0,55"
"21.10.2013","0,6193","0,6181","0,6199","0,6179","0,13"
"18.10.2013","0,6185","0,6186","0,6196","0,6163","-0,03"
"17.10.2013","0,6187","0,6270","0,6273","0,6183","-1,31"
"16.10.2013","0,6269","0,6250","0,6292","0,6231","0,29"
"15.10.2013","0,6251","0,6255","0,6284","0,6246","-0,08"
"14.10.2013","0,6256","0,6268","0,6269","0,6242","-0,19"
"11.10.2013","0,6268","0,6263","0,6280","0,6248","0,08"
"10.10.2013","0,6263","0,6266","0,6283","0,6257","-0,06"
"09.10.2013","0,6267","0,6216","0,6284","0,6202","0,80"
"08.10.2013","0,6217","0,6212","0,6243","0,6201","0,08"
"07.10.2013","0,6212","0,6242","0,6243","0,6210","-0,56"
"04.10.2013","0,6247","0,6189","0,6248","0,6180","0,92"
"03.10.2013","0,6190","0,6163","0,6191","0,6156","0,42"
"02.10.2013","0,6164","0,6174","0,6188","0,6153","-0,18"
"01.10.2013","0,6175","0,6178","0,6180","0,6149","-0,05"
"30.09.2013","0,6178","0,6203","0,6210","0,6171","-0,29"
"27.09.2013","0,6196","0,6233","0,6239","0,6192","-0,61"
"26.09.2013","0,6234","0,6218","0,6251","0,6212","0,24"
"25.09.2013","0,6219","0,6248","0,6258","0,6215","-0,48"
"24.09.2013","0,6249","0,6233","0,6268","0,6231","0,26"
"23.09.2013","0,6233","0,6239","0,6252","0,6221","-0,24"
"20.09.2013","0,6248","0,6236","0,6255","0,6223","0,14"
"19.09.2013","0,6239","0,6192","0,6241","0,6190","0,74"
"18.09.2013","0,6193","0,6287","0,6292","0,6186","-1,51"
"17.09.2013","0,6288","0,6290","0,6295","0,6274","-0,05"
"16.09.2013","0,6291","0,6299","0,6300","0,6264","-0,13"
"13.09.2013","0,6299","0,6326","0,6339","0,6294","-0,44"
"12.09.2013","0,6327","0,6320","0,6339","0,6313","0,08"
"11.09.2013","0,6322","0,6355","0,6362","0,6317","-0,53"
"10.09.2013","0,6356","0,6370","0,6376","0,6350","-0,25"
"09.09.2013","0,6372","0,6395","0,6408","0,6355","-0,41"
"06.09.2013","0,6398","0,6414","0,6425","0,6376","-0,25"
"05.09.2013","0,6414","0,6398","0,6421","0,6382","0,23"
"04.09.2013","0,6399","0,6425","0,6429","0,6389","-0,44"
"03.09.2013","0,6427","0,6432","0,6443","0,6409","-0,08"
"02.09.2013","0,6432","0,6446","0,6450","0,6412","-0,25"
"30.08.2013","0,6448","0,6450","0,6468","0,6439","-0,03"
"29.08.2013","0,6450","0,6440","0,6459","0,6430","0,14"
"28.08.2013","0,6441","0,6431","0,6482","0,6429","0,14"
"27.08.2013","0,6432","0,6419","0,6460","0,6412","0,19"
"26.08.2013","0,6420","0,6419","0,6429","0,6405","-0,05"
"23.08.2013","0,6423","0,6414","0,6435","0,6394","0,12"
"22.08.2013","0,6415","0,6386","0,6426","0,6383","0,45"
"21.08.2013","0,6386","0,6382","0,6395","0,6361","0,05"
"20.08.2013","0,6383","0,6390","0,6399","0,6370","-0,11"
"19.08.2013","0,6390","0,6400","0,6407","0,6380","-0,13"
"16.08.2013","0,6398","0,6391","0,6408","0,6387","0,08"
"15.08.2013","0,6393","0,6451","0,6453","0,6388","-0,90"
"14.08.2013","0,6451","0,6472","0,6484","0,6431","-0,34"
"13.08.2013","0,6473","0,6466","0,6483","0,6447","0,11"
"12.08.2013","0,6466","0,6450","0,6469","0,6441","0,22"
"09.08.2013","0,6452","0,6434","0,6452","0,6426","0,26"
"08.08.2013","0,6435","0,6456","0,6458","0,6420","-0,34"
"07.08.2013","0,6457","0,6515","0,6577","0,6438","-0,89"
"06.08.2013","0,6515","0,6510","0,6522","0,6496","0,06"
"05.08.2013","0,6511","0,6539","0,6552","0,6502","-0,46"
"02.08.2013","0,6541","0,6613","0,6622","0,6531","-1,09"
"01.08.2013","0,6613","0,6574","0,6618","0,6560","0,58"
"31.07.2013","0,6575","0,6562","0,6612","0,6554","0,18"
"30.07.2013","0,6563","0,6518","0,6568","0,6512","0,67"
"29.07.2013","0,6519","0,6502","0,6525","0,6487","0,28"
"26.07.2013","0,6501","0,6496","0,6513","0,6485","0,06"
"25.07.2013","0,6497","0,6528","0,6551","0,6478","-0,49"
"24.07.2013","0,6529","0,6505","0,6541","0,6496","0,35"
"23.07.2013","0,6506","0,6509","0,6524","0,6496","-0,08"
"22.07.2013","0,6511","0,6545","0,6554","0,6499","-0,60"
"19.07.2013","0,6550","0,6567","0,6581","0,6543","-0,24"
"18.07.2013","0,6566","0,6572","0,6597","0,6560","-0,11"
"17.07.2013","0,6573","0,6595","0,6632","0,6549","-0,35"
"16.07.2013","0,6596","0,6621","0,6647","0,6592","-0,41"
"15.07.2013","0,6623","0,6614","0,6654","0,6602","0,06"
"12.07.2013","0,6619","0,6585","0,6634","0,6582","0,52"
"11.07.2013","0,6585","0,6659","0,6666","0,6568","-1,16"
"10.07.2013","0,6662","0,6725","0,6736","0,6659","-0,95"
"09.07.2013","0,6726","0,6688","0,6751","0,6674","0,57"
"08.07.2013","0,6688","0,6705","0,6730","0,6680","-0,42"
"05.07.2013","0,6716","0,6633","0,6730","0,6629","1,22"
"04.07.2013","0,6635","0,6543","0,6642","0,6540","1,39"
"03.07.2013","0,6544","0,6598","0,6610","0,6534","-0,83"
"02.07.2013","0,6599","0,6571","0,6606","0,6561","0,41"
"01.07.2013","0,6572","0,6579","0,6586","0,6557","-0,02"
"28.06.2013","0,6573","0,6552","0,6594","0,6544","0,31"
"27.06.2013","0,6553","0,6529","0,6579","0,6515","0,35"
"26.06.2013","0,6530","0,6483","0,6536","0,6475","0,71"
"25.06.2013","0,6484","0,6478","0,6494","0,6460","0,08"
"24.06.2013","0,6479","0,6492","0,6518","0,6465","-0,11"
"21.06.2013","0,6486","0,6447","0,6507","0,6438","0,59"
"20.06.2013","0,6448","0,6457","0,6488","0,6443","-0,15"
"19.06.2013","0,6458","0,6392","0,6472","0,6378","1,03"
"18.06.2013","0,6392","0,6360","0,6424","0,6358","0,49"
"17.06.2013","0,6361","0,6363","0,6377","0,6348","-0,11"
"14.06.2013","0,6368","0,6361","0,6404","0,6358","0,11"
"13.06.2013","0,6361","0,6377","0,6393","0,6354","-0,27"
"12.06.2013","0,6378","0,6389","0,6397","0,6369","-0,19"
"11.06.2013","0,6390","0,6421","0,6442","0,6387","-0,48"
"10.06.2013","0,6421","0,6440","0,6453","0,6415","-0,11"
"07.06.2013","0,6428","0,6410","0,6456","0,6402","0,28"
"06.06.2013","0,6410","0,6491","0,6502","0,6375","-1,25"
"05.06.2013","0,6491","0,6530","0,6540","0,6488","-0,61"
"04.06.2013","0,6531","0,6526","0,6547","0,6516","0,08"
"03.06.2013","0,6526","0,6577","0,6583","0,6503","-0,82"
"31.05.2013","0,6580","0,6565","0,6605","0,6560","0,23"
"30.05.2013","0,6565","0,6608","0,6619","0,6561","-0,67"
"29.05.2013","0,6609","0,6648","0,6663","0,6602","-0,59"
"28.05.2013","0,6648","0,6621","0,6655","0,6607","0,39"
"27.05.2013","0,6622","0,6606","0,6628","0,6597","0,17"
"24.05.2013","0,6611","0,6619","0,6639","0,6603","-0,12"
"23.05.2013","0,6619","0,6645","0,6660","0,6609","-0,39"
"22.05.2013","0,6645","0,6598","0,6657","0,6589","0,70"
"21.05.2013","0,6599","0,6555","0,6617","0,6545","0,67"
"20.05.2013","0,6555","0,6590","0,6594","0,6543","-0,56"
"17.05.2013","0,6592","0,6548","0,6597","0,6542","0,66"
"16.05.2013","0,6549","0,6562","0,6581","0,6525","-0,23"
"15.05.2013","0,6564","0,6575","0,6591","0,6547","-0,15"
"14.05.2013","0,6574","0,6536","0,6576","0,6522","0,58"
"13.05.2013","0,6536","0,6506","0,6545","0,6499","0,41"
"10.05.2013","0,6509","0,6472","0,6531","0,6468","0,57"
"09.05.2013","0,6472","0,6436","0,6482","0,6415","0,53"
"08.05.2013","0,6438","0,6457","0,6464","0,6413","-0,31"
"07.05.2013","0,6458","0,6433","0,6473","0,6429","0,37"
"06.05.2013","0,6434","0,6421","0,6443","0,6410","0,20"
"03.05.2013","0,6421","0,6436","0,6460","0,6409","-0,25"
"02.05.2013","0,6437","0,6428","0,6454","0,6413","0,12"
"01.05.2013","0,6429","0,6437","0,6441","0,6407","-0,14"
"30.04.2013","0,6438","0,6451","0,6465","0,6423","-0,20"
"29.04.2013","0,6451","0,6457","0,6462","0,6431","-0,15"
"26.04.2013","0,6461","0,6478","0,6485","0,6452","-0,29"
"25.04.2013","0,6480","0,6550","0,6552","0,6459","-1,07"
"24.04.2013","0,6550","0,6562","0,6567","0,6540","-0,18"
"23.04.2013","0,6562","0,6539","0,6580","0,6536","0,35"
"22.04.2013","0,6539","0,6563","0,6576","0,6538","-0,41"
"19.04.2013","0,6566","0,6543","0,6569","0,6506","0,34"
"18.04.2013","0,6544","0,6560","0,6572","0,6530","-0,27"
"17.04.2013","0,6562","0,6503","0,6572","0,6503","0,83"
"16.04.2013","0,6508","0,6540","0,6548","0,6501","-0,49"
"15.04.2013","0,6540","0,6517","0,6550","0,6499","0,32"
"12.04.2013","0,6519","0,6499","0,6519","0,6488","0,29"
"11.04.2013","0,6500","0,6523","0,6527","0,6488","-0,37"
"10.04.2013","0,6524","0,6527","0,6540","0,6516","-0,05"
"09.04.2013","0,6527","0,6551","0,6558","0,6517","-0,41"
"08.04.2013","0,6554","0,6522","0,6562","0,6513","0,52"
"05.04.2013","0,6520","0,6563","0,6580","0,6508","-0,69"
"04.04.2013","0,6565","0,6607","0,6652","0,6558","-0,68"
"03.04.2013","0,6610","0,6620","0,6633","0,6596","-0,15"
"02.04.2013","0,6620","0,6566","0,6624","0,6553","0,81"
"01.04.2013","0,6567","0,6579","0,6589","0,6560","-0,14"
"29.03.2013","0,6576","0,6583","0,6589","0,6569","-0,08"
"28.03.2013","0,6581","0,6610","0,6618","0,6577","-0,42"
"27.03.2013","0,6609","0,6597","0,6625","0,6586","0,18"
"26.03.2013","0,6597","0,6590","0,6608","0,6575","0,11"
"25.03.2013","0,6590","0,6564","0,6604","0,6551","0,38"
"22.03.2013","0,6565","0,6591","0,6594","0,6557","-0,39"
"21.03.2013","0,6591","0,6620","0,6627","0,6574","-0,48"
"20.03.2013","0,6623","0,6623","0,6654","0,6584","-0,02"
"19.03.2013","0,6624","0,6618","0,6635","0,6602","0,06"
"18.03.2013","0,6620","0,6611","0,6635","0,6602","0,06"
"15.03.2013","0,6616","0,6629","0,6637","0,6588","-0,21"
"14.03.2013","0,6630","0,6702","0,6704","0,6613","-1,09"
"13.03.2013","0,6703","0,6710","0,6715","0,6674","-0,07"
"12.03.2013","0,6708","0,6703","0,6743","0,6702","0,03"
"11.03.2013","0,6706","0,6701","0,6728","0,6691","0,04"
"08.03.2013","0,6703","0,6661","0,6718","0,6645","0,63"
"07.03.2013","0,6661","0,6652","0,6681","0,6630","0,12"
"06.03.2013","0,6653","0,6611","0,6660","0,6598","0,62"
"05.03.2013","0,6612","0,6615","0,6626","0,6578","-0,14"
"04.03.2013","0,6621","0,6646","0,6666","0,6614","-0,48"
"01.03.2013","0,6653","0,6593","0,6673","0,6584","0,91"
"28.02.2013","0,6593","0,6596","0,6602","0,6569","-0,02"
"27.02.2013","0,6594","0,6610","0,6632","0,6583","-0,23"
"26.02.2013","0,6609","0,6594","0,6617","0,6569","0,24"
"25.02.2013","0,6593","0,6633","0,6635","0,6578","0,52"
"22.02.2013","0,6559","0,6557","0,6565","0,6527","0,02"
"21.02.2013","0,6558","0,6565","0,6606","0,6546","-0,06"
"20.02.2013","0,6562","0,6483","0,6582","0,6471","1,23"
"19.02.2013","0,6482","0,6465","0,6488","0,6449","0,25"
"18.02.2013","0,6466","0,6449","0,6478","0,6447","0,36"
"15.02.2013","0,6443","0,6455","0,6468","0,6430","-0,20"
"14.02.2013","0,6456","0,6434","0,6463","0,6433","0,33"
"13.02.2013","0,6435","0,6383","0,6442","0,6373","0,74"
"12.02.2013","0,6388","0,6386","0,6421","0,6381","0,09"
"11.02.2013","0,6382","0,6328","0,6389","0,6324","0,81"
"08.02.2013","0,6331","0,6365","0,6368","0,6310","-0,57"
"07.02.2013","0,6367","0,6387","0,6391","0,6341","-0,30"
"06.02.2013","0,6386","0,6384","0,6398","0,6377","-0,03"
"05.02.2013","0,6388","0,6343","0,6398","0,6326","0,69"
"04.02.2013","0,6344","0,6373","0,6375","0,6339","-0,38"
"01.02.2013","0,6368","0,6307","0,6370","0,6296","0,98"
"31.01.2013","0,6306","0,6327","0,6340","0,6298","-0,36"
"30.01.2013","0,6329","0,6345","0,6360","0,6321","-0,25"
"29.01.2013","0,6345","0,6371","0,6375","0,6339","-0,44"
"28.01.2013","0,6373","0,6342","0,6380","0,6336","0,68"
"25.01.2013","0,6330","0,6332","0,6351","0,6318","-0,06"
"24.01.2013","0,6334","0,6311","0,6348","0,6308","0,38"
"23.01.2013","0,6310","0,6313","0,6329","0,6291","-0,10"
"22.01.2013","0,6316","0,6316","0,6325","0,6295","-0,05"
"21.01.2013","0,6319","0,6312","0,6327","0,6291","0,30"
"18.01.2013","0,6300","0,6249","0,6308","0,6246","0,80"
"17.01.2013","0,6250","0,6248","0,6268","0,6234","0,02"
"16.01.2013","0,6249","0,6224","0,6260","0,6218","0,40"
"15.01.2013","0,6224","0,6221","0,6238","0,6210","0,06"
"14.01.2013","0,6220","0,6198","0,6238","0,6189","0,31"
"11.01.2013","0,6201","0,6187","0,6216","0,6180","0,15"
"10.01.2013","0,6192","0,6240","0,6249","0,6184","-0,75"
"09.01.2013","0,6239","0,6228","0,6252","0,6220","0,18"
"08.01.2013","0,6228","0,6205","0,6239","0,6199","0,37"
"07.01.2013","0,6205","0,6221","0,6242","0,6203","-0,29"
"04.01.2013","0,6223","0,6207","0,6247","0,6206","0,21"
"03.01.2013","0,6210","0,6153","0,6214","0,6150","0,94"
"02.01.2013","0,6152","0,6153","0,6163","0,6104","-0,06"
"01.01.2013","0,6156","0,6158","0,6160","0,6126","-0,05"
"31.12.2012","0,6159","0,6181","0,6199","0,6144","-0,40"
"28.12.2012","0,6184","0,6211","0,6220","0,6171","-0,42"
"27.12.2012","0,6210","0,6197","0,6224","0,6171","0,18"
"26.12.2012","0,6199","0,6200","0,6209","0,6183","-0,03"
"25.12.2012","0,6201","0,6201","0,6290","0,6193","0,02"
"24.12.2012","0,6200","0,6189","0,6210","0,6169","0,26"
"21.12.2012","0,6184","0,6142","0,6192","0,6140","0,67"
"20.12.2012","0,6143","0,6155","0,6159","0,6135","-0,18"
"19.12.2012","0,6154","0,6153","0,6156","0,6132","-0,03"
"18.12.2012","0,6156","0,6171","0,6174","0,6146","-0,26"
"17.12.2012","0,6172","0,6184","0,6190","0,6166","-0,26"
"14.12.2012","0,6188","0,6207","0,6210","0,6180","-0,32"
"13.12.2012","0,6208","0,6193","0,6218","0,6189","0,21"
"12.12.2012","0,6195","0,6205","0,6214","0,6183","-0,21"
"11.12.2012","0,6208","0,6221","0,6223","0,6202","-0,21"
"10.12.2012","0,6221","0,6236","0,6246","0,6211","-0,22"
"07.12.2012","0,6235","0,6229","0,6249","0,6225","0,08"
"06.12.2012","0,6230","0,6213","0,6234","0,6199","0,24"
"05.12.2012","0,6215","0,6212","0,6219","0,6203","0,06"
"04.12.2012","0,6211","0,6215","0,6217","0,6198","-0,06"
"03.12.2012","0,6215","0,6244","0,6244","0,6204","-0,42"
"30.11.2012","0,6241","0,6233","0,6254","0,6225","0,08"
"29.11.2012","0,6236","0,6244","0,6250","0,6230","-0,13"
"28.11.2012","0,6244","0,6242","0,6265","0,6238","0,02"
"27.11.2012","0,6243","0,6239","0,6247","0,6227","0,05"
"26.11.2012","0,6240","0,6237","0,6252","0,6234","0,02"
"23.11.2012","0,6239","0,6272","0,6280","0,6229","-0,51"
"22.11.2012","0,6271","0,6269","0,6281","0,6257","0,03"
"21.11.2012","0,6269","0,6280","0,6297","0,6266","-0,18"
"20.11.2012","0,6280","0,6285","0,6292","0,6274","-0,11"
"19.11.2012","0,6287","0,6293","0,6295","0,6279","-0,11"
"16.11.2012","0,6294","0,6305","0,6315","0,6288","-0,17"
"15.11.2012","0,6305","0,6313","0,6319","0,6296","-0,11"
"14.11.2012","0,6312","0,6300","0,6314","0,6287","0,19"
"13.11.2012","0,6300","0,6298","0,6305","0,6282","0,05"
"12.11.2012","0,6297","0,6288","0,6303","0,6282","0,11"
"09.11.2012","0,6290","0,6257","0,6293","0,6241","0,53"
"08.11.2012","0,6257","0,6254","0,6278","0,6247","0,05"
"07.11.2012","0,6254","0,6250","0,6269","0,6232","0,08"
"06.11.2012","0,6249","0,6259","0,6263","0,6246","-0,18"
"05.11.2012","0,6260","0,6245","0,6267","0,6234","0,30"
"02.11.2012","0,6241","0,6202","0,6247","0,6197","0,66"
"01.11.2012","0,6200","0,6198","0,6203","0,6181","0,00"
"31.10.2012","0,6200","0,6219","0,6223","0,6195","-0,34"
"30.10.2012","0,6221","0,6236","0,6242","0,6215","-0,26"
"29.10.2012","0,6237","0,6209","0,6248","0,6208","0,47"
"26.10.2012","0,6208","0,6201","0,6220","0,6195","0,10"
"25.10.2012","0,6202","0,6235","0,6240","0,6193","-0,53"
"24.10.2012","0,6235","0,6268","0,6276","0,6230","-0,53"
"23.10.2012","0,6268","0,6244","0,6284","0,6239","0,37"
"22.10.2012","0,6245","0,6244","0,6254","0,6229","-0,05"
"19.10.2012","0,6248","0,6230","0,6252","0,6223","0,24"
"18.10.2012","0,6233","0,6195","0,6234","0,6183","0,66"
"17.10.2012","0,6192","0,6202","0,6207","0,6180","-0,16"
"16.10.2012","0,6202","0,6221","0,6227","0,6198","-0,32"
"15.10.2012","0,6222","0,6220","0,6241","0,6217","0,00"
"12.10.2012","0,6222","0,6231","0,6243","0,6211","-0,14"
"11.10.2012","0,6231","0,6249","0,6257","0,6228","-0,30"
"10.10.2012","0,6250","0,6248","0,6260","0,6235","0,00"
"09.10.2012","0,6250","0,6241","0,6260","0,6231","0,14"
"08.10.2012","0,6241","0,6195","0,6243","0,6193","0,68"
"05.10.2012","0,6199","0,6174","0,6203","0,6165","0,40"
"04.10.2012","0,6174","0,6218","0,6221","0,6171","-0,74"
"03.10.2012","0,6220","0,6199","0,6224","0,6193","0,35"
"02.10.2012","0,6198","0,6197","0,6201","0,6177","-0,02"
"01.10.2012","0,6199","0,6191","0,6208","0,6181","0,21"
"28.09.2012","0,6186","0,6158","0,6207","0,6144","0,44"
"27.09.2012","0,6159","0,6184","0,6187","0,6155","-0,47"
"26.09.2012","0,6188","0,6174","0,6198","0,6168","0,18"
"25.09.2012","0,6177","0,6163","0,6179","0,6146","0,23"
"24.09.2012","0,6163","0,6155","0,6180","0,6154","0,03"
"21.09.2012","0,6161","0,6167","0,6169","0,6130","-0,11"
"20.09.2012","0,6168","0,6166","0,6188","0,6158","0,06"
"19.09.2012","0,6164","0,6156","0,6179","0,6145","0,10"
"18.09.2012","0,6158","0,6154","0,6164","0,6146","0,06"
"17.09.2012","0,6154","0,6160","0,6169","0,6144","-0,21"
"14.09.2012","0,6167","0,6191","0,6195","0,6150","-0,42"
"13.09.2012","0,6193","0,6207","0,6218","0,6182","-0,26"
"12.09.2012","0,6209","0,6223","0,6226","0,6198","-0,21"
"11.09.2012","0,6222","0,6254","0,6257","0,6217","-0,51"
"10.09.2012","0,6254","0,6243","0,6267","0,6242","0,10"
"07.09.2012","0,6248","0,6274","0,6280","0,6236","-0,46"
"06.09.2012","0,6277","0,6287","0,6297","0,6272","-0,17"
"05.09.2012","0,6288","0,6298","0,6319","0,6275","-0,19"
"04.09.2012","0,6300","0,6294","0,6307","0,6285","0,08"
"03.09.2012","0,6295","0,6297","0,6310","0,6289","-0,11"
"31.08.2012","0,6302","0,6335","0,6339","0,6290","-0,52"
"30.08.2012","0,6335","0,6317","0,6342","0,6298","0,28"
"29.08.2012","0,6317","0,6321","0,6329","0,6306","-0,06"
"28.08.2012","0,6321","0,6333","0,6349","0,6313","-0,19"
"27.08.2012","0,6333","0,6322","0,6333","0,6317","0,11"
"24.08.2012","0,6326","0,6304","0,6329","0,6300","0,33"
"23.08.2012","0,6305","0,6296","0,6307","0,6283","0,11"
"22.08.2012","0,6298","0,6335","0,6342","0,6294","-0,62"
"21.08.2012","0,6337","0,6365","0,6369","0,6327","-0,42"
"20.08.2012","0,6364","0,6368","0,6380","0,6361","-0,11"
"17.08.2012","0,6371","0,6354","0,6382","0,6352","0,27"
"16.08.2012","0,6354","0,6376","0,6396","0,6350","-0,36"
"15.08.2012","0,6377","0,6378","0,6386","0,6367","-0,03"
"14.08.2012","0,6379","0,6376","0,6381","0,6357","0,03"
"13.08.2012","0,6377","0,6379","0,6388","0,6361","0,05"
"10.08.2012","0,6374","0,6395","0,6420","0,6368","-0,31"
"09.08.2012","0,6394","0,6385","0,6408","0,6374","0,09"
"08.08.2012","0,6388","0,6401","0,6421","0,6378","-0,22"
"07.08.2012","0,6402","0,6409","0,6425","0,6375","-0,14"
"06.08.2012","0,6411","0,6396","0,6432","0,6382","0,30"
"03.08.2012","0,6392","0,6445","0,6450","0,6386","-0,82"
"02.08.2012","0,6445","0,6435","0,6457","0,6377","0,14"
"01.08.2012","0,6436","0,6380","0,6438","0,6372","0,88"
"31.07.2012","0,6380","0,6365","0,6401","0,6356","0,24"
"30.07.2012","0,6365","0,6351","0,6381","0,6351","0,24"
"27.07.2012","0,6350","0,6375","0,6383","0,6341","-0,38"
"26.07.2012","0,6374","0,6453","0,6465","0,6359","-1,24"
"25.07.2012","0,6454","0,6448","0,6470","0,6429","0,06"
"24.07.2012","0,6450","0,6449","0,6458","0,6429","0,03"
"23.07.2012","0,6448","0,6404","0,6459","0,6402","0,72"
"20.07.2012","0,6402","0,6361","0,6406","0,6359","0,64"
"19.07.2012","0,6361","0,6387","0,6395","0,6354","-0,44"
"18.07.2012","0,6389","0,6390","0,6418","0,6381","-0,02"
"17.07.2012","0,6390","0,6396","0,6430","0,6377","-0,11"
"16.07.2012","0,6397","0,6418","0,6445","0,6387","-0,37"
"13.07.2012","0,6421","0,6480","0,6490","0,6417","-0,97"
"12.07.2012","0,6484","0,6449","0,6497","0,6443","0,53"
"11.07.2012","0,6450","0,6444","0,6458","0,6418","0,09"
"10.07.2012","0,6444","0,6441","0,6461","0,6430","0,06"
"09.07.2012","0,6440","0,6459","0,6465","0,6436","-0,25"
"06.07.2012","0,6456","0,6441","0,6468","0,6429","0,22"
"05.07.2012","0,6442","0,6411","0,6452","0,6399","0,47"
"04.07.2012","0,6412","0,6373","0,6421","0,6372","0,60"
"03.07.2012","0,6374","0,6372","0,6388","0,6363","0,05"
"02.07.2012","0,6371","0,6370","0,6393","0,6359","0,08"
"29.06.2012","0,6366","0,6445","0,6448","0,6362","-1,21"
"28.06.2012","0,6444","0,6423","0,6458","0,6399","0,34"
"27.06.2012","0,6422","0,6395","0,6432","0,6392","0,44"
"26.06.2012","0,6394","0,6421","0,6426","0,6389","-0,42"
"25.06.2012","0,6421","0,6415","0,6435","0,6411","0,11"
"22.06.2012","0,6414","0,6410","0,6429","0,6395","0,02"
"21.06.2012","0,6413","0,6365","0,6421","0,6355","0,75"
"20.06.2012","0,6365","0,6356","0,6389","0,6337","0,08"
"19.06.2012","0,6360","0,6382","0,6405","0,6345","-0,33"
"18.06.2012","0,6381","0,6357","0,6395","0,6350","0,30"
"15.06.2012","0,6362","0,6428","0,6463","0,6357","-1,04"
"14.06.2012","0,6429","0,6447","0,6463","0,6424","-0,29"
"13.06.2012","0,6448","0,6422","0,6450","0,6410","0,44"
"12.06.2012","0,6420","0,6461","0,6471","0,6413","-0,62"
"11.06.2012","0,6460","0,6436","0,6461","0,6417","-0,03"
"08.06.2012","0,6462","0,6437","0,6492","0,6435","0,33"
"07.06.2012","0,6441","0,6455","0,6481","0,6409","-0,22"
"06.06.2012","0,6455","0,6503","0,6504","0,6444","-0,71"
"05.06.2012","0,6501","0,6499","0,6527","0,6488","-0,02"
"04.06.2012","0,6502","0,6505","0,6519","0,6486","-0,11"
"01.06.2012","0,6509","0,6489","0,6550","0,6476","0,26"
"31.05.2012","0,6492","0,6460","0,6511","0,6439","0,50"
"30.05.2012","0,6460","0,6395","0,6462","0,6393","1,03"
"29.05.2012","0,6394","0,6375","0,6408","0,6362","0,27"
"28.05.2012","0,6377","0,6378","0,6381","0,6361","-0,13"
"25.05.2012","0,6385","0,6379","0,6399","0,6368","0,06"
"24.05.2012","0,6381","0,6372","0,6394","0,6358","0,13"
"23.05.2012","0,6373","0,6340","0,6380","0,6339","0,44"
"22.05.2012","0,6345","0,6318","0,6353","0,6309","0,43"
"21.05.2012","0,6318","0,6323","0,6338","0,6311","-0,06"
"18.05.2012","0,6322","0,6335","0,6357","0,6313","-0,14"
"17.05.2012","0,6331","0,6285","0,6334","0,6275","0,76"
"16.05.2012","0,6283","0,6250","0,6293","0,6249","0,51"
"15.05.2012","0,6251","0,6212","0,6255","0,6205","0,60"
"14.05.2012","0,6214","0,6225","0,6231","0,6201","-0,13"
"11.05.2012","0,6222","0,6198","0,6226","0,6193","0,45"
"10.05.2012","0,6194","0,6198","0,6215","0,6178","-0,08"
"09.05.2012","0,6199","0,6190","0,6223","0,6187","0,15"
"08.05.2012","0,6190","0,6175","0,6202","0,6172","0,23"
"07.05.2012","0,6176","0,6190","0,6206","0,6172","-0,23"
"04.05.2012","0,6190","0,6179","0,6196","0,6172","0,18"
"03.05.2012","0,6179","0,6172","0,6188","0,6166","0,06"
"02.05.2012","0,6175","0,6165","0,6189","0,6157","0,15"
"01.05.2012","0,6166","0,6158","0,6178","0,6154","0,10"
"30.04.2012","0,6160","0,6143","0,6164","0,6133","0,21"
"27.04.2012","0,6147","0,6180","0,6191","0,6141","-0,57"
"26.04.2012","0,6182","0,6185","0,6190","0,6169","-0,03"
"25.04.2012","0,6184","0,6194","0,6219","0,6178","-0,19"
"24.04.2012","0,6196","0,6201","0,6208","0,6185","-0,08"
"23.04.2012","0,6201","0,6198","0,6222","0,6197","0,00"
"20.04.2012","0,6201","0,6228","0,6236","0,6191","-0,43"
"19.04.2012","0,6228","0,6241","0,6247","0,6219","-0,21"
"18.04.2012","0,6241","0,6279","0,6290","0,6232","-0,64"
"17.04.2012","0,6281","0,6289","0,6305","0,6260","-0,14"
"16.04.2012","0,6290","0,6306","0,6321","0,6284","-0,32"
"13.04.2012","0,6310","0,6266","0,6313","0,6261","0,72"
"12.04.2012","0,6265","0,6286","0,6288","0,6255","-0,33"
"11.04.2012","0,6286","0,6302","0,6309","0,6273","-0,29"
"10.04.2012","0,6304","0,6290","0,6325","0,6276","0,22"
"09.04.2012","0,6290","0,6291","0,6315","0,6282","-0,06"
"06.04.2012","0,6294","0,6318","0,6320","0,6290","-0,41"
"05.04.2012","0,6320","0,6291","0,6328","0,6285","0,40"
"04.04.2012","0,6295","0,6284","0,6318","0,6282","0,19"
"03.04.2012","0,6283","0,6240","0,6292","0,6230","0,69"
"02.04.2012","0,6240","0,6243","0,6260","0,6224","-0,08"
"30.03.2012","0,6245","0,6267","0,6271","0,6235","-0,37"
"29.03.2012","0,6268","0,6294","0,6305","0,6265","-0,43"
"28.03.2012","0,6295","0,6269","0,6313","0,6263","0,41"
"27.03.2012","0,6269","0,6263","0,6272","0,6248","0,13"
"26.03.2012","0,6261","0,6298","0,6329","0,6259","-0,65"
"23.03.2012","0,6302","0,6322","0,6327","0,6285","-0,33"
"22.03.2012","0,6323","0,6303","0,6342","0,6291","0,37"
"21.03.2012","0,6300","0,6304","0,6321","0,6279","-0,08"
"20.03.2012","0,6305","0,6292","0,6317","0,6289","0,21"
"19.03.2012","0,6292","0,6310","0,6321","0,6283","-0,30"
"16.03.2012","0,6311","0,6364","0,6372","0,6304","-0,85"
"15.03.2012","0,6365","0,6381","0,6397","0,6353","-0,24"
"14.03.2012","0,6380","0,6366","0,6390","0,6350","0,22"
"13.03.2012","0,6366","0,6395","0,6403","0,6349","-0,47"
"12.03.2012","0,6396","0,6378","0,6410","0,6370","0,25"
"09.03.2012","0,6380","0,6316","0,6384","0,6315","0,98"
"08.03.2012","0,6318","0,6352","0,6360","0,6315","-0,52"
"07.03.2012","0,6351","0,6360","0,6371","0,6344","-0,19"
"06.03.2012","0,6363","0,6302","0,6371","0,6294","0,92"
"05.03.2012","0,6305","0,6314","0,6335","0,6297","-0,17"
"02.03.2012","0,6316","0,6267","0,6320","0,6262","0,75"
"01.03.2012","0,6269","0,6282","0,6290","0,6259","-0,21"
"29.02.2012","0,6282","0,6287","0,6290","0,6252","-0,10"
"28.02.2012","0,6288","0,6318","0,6329","0,6285","-0,52"
"27.02.2012","0,6321","0,6294","0,6325","0,6287","0,41"
"24.02.2012","0,6295","0,6350","0,6362","0,6289","-0,88"
"23.02.2012","0,6351","0,6382","0,6390","0,6350","-0,50"
"22.02.2012","0,6383","0,6336","0,6391","0,6323","0,74"
"21.02.2012","0,6336","0,6307","0,6341","0,6302","0,41"
"20.02.2012","0,6310","0,6310","0,6315","0,6296","-0,08"
"17.02.2012","0,6315","0,6329","0,6334","0,6303","-0,22"
"16.02.2012","0,6329","0,6371","0,6388","0,6322","-0,66"
"15.02.2012","0,6371","0,6372","0,6381","0,6354","-0,06"
"14.02.2012","0,6375","0,6342","0,6392","0,6340","0,52"
"13.02.2012","0,6342","0,6337","0,6346","0,6317","-0,16"
"10.02.2012","0,6352","0,6322","0,6359","0,6308","0,47"
"09.02.2012","0,6322","0,6321","0,6333","0,6294","-0,02"
"08.02.2012","0,6323","0,6289","0,6331","0,6277","0,54"
"07.02.2012","0,6289","0,6318","0,6334","0,6286","-0,49"
"06.02.2012","0,6320","0,6322","0,6358","0,6312","-0,02"
"03.02.2012","0,6321","0,6325","0,6349","0,6304","-0,09"
"02.02.2012","0,6327","0,6314","0,6332","0,6305","0,17"
"01.02.2012","0,6316","0,6346","0,6367","0,6295","-0,49"
"31.01.2012","0,6347","0,6367","0,6370","0,6330","-0,33"
"30.01.2012","0,6368","0,6360","0,6389","0,6356","0,19"
"27.01.2012","0,6356","0,6373","0,6394","0,6352","-0,31"
"26.01.2012","0,6376","0,6387","0,6390","0,6355","-0,14"
"25.01.2012","0,6385","0,6400","0,6438","0,6377","-0,30"
"24.01.2012","0,6404","0,6421","0,6438","0,6401","-0,28"
"23.01.2012","0,6422","0,6429","0,6445","0,6408","0,00"
"20.01.2012","0,6422","0,6455","0,6473","0,6420","-0,56"
"19.01.2012","0,6458","0,6478","0,6488","0,6454","-0,34"
"18.01.2012","0,6480","0,6521","0,6523","0,6475","-0,64"
"17.01.2012","0,6522","0,6525","0,6532","0,6491","-0,06"
"16.01.2012","0,6526","0,6543","0,6546","0,6513","0,02"
"13.01.2012","0,6525","0,6519","0,6564","0,6489","0,11"
"12.01.2012","0,6518","0,6524","0,6546","0,6506","-0,11"
"11.01.2012","0,6525","0,6458","0,6533","0,6454","1,02"
"10.01.2012","0,6459","0,6467","0,6474","0,6450","-0,17"
"09.01.2012","0,6470","0,6484","0,6494","0,6463","-0,17"
"06.01.2012","0,6481","0,6454","0,6504","0,6440","0,39"
"05.01.2012","0,6456","0,6403","0,6466","0,6397","0,84"
"04.01.2012","0,6402","0,6390","0,6419","0,6381","0,17"
"03.01.2012","0,6391","0,6446","0,6449","0,6381","-0,88"
"02.01.2012","0,6448","0,6450","0,6464","0,6431","0,19"
"30.12.2011","0,6436","0,6488","0,6493","0,6421","-0,80"
"29.12.2011","0,6488","0,6470","0,6510","0,6460","0,25"
"28.12.2011","0,6472","0,6382","0,6475","0,6372","1,41"
"27.12.2011","0,6382","0,6398","0,6412","0,6376","-0,25"
"26.12.2011","0,6398","0,6410","0,6414","0,6390","-0,20"
"23.12.2011","0,6411","0,6379","0,6415","0,6365","0,49"
"22.12.2011","0,6380","0,6380","0,6390","0,6357","-0,02"
"21.12.2011","0,6381","0,6385","0,6391","0,6339","-0,05"
"20.12.2011","0,6384","0,6449","0,6454","0,6368","-1,05"
"19.12.2011","0,6452","0,6433","0,6465","0,6432","0,16"
"16.12.2011","0,6442","0,6446","0,6459","0,6427","-0,09"
"15.12.2011","0,6448","0,6465","0,6480","0,6438","-0,31"
"14.12.2011","0,6468","0,6460","0,6490","0,6437","0,15"
"13.12.2011","0,6458","0,6417","0,6472","0,6397","0,64"
"12.12.2011","0,6417","0,6387","0,6437","0,6386","0,50"
"09.12.2011","0,6385","0,6397","0,6416","0,6354","-0,17"
"08.12.2011","0,6396","0,6365","0,6406","0,6340","0,50"
"07.12.2011","0,6364","0,6410","0,6412","0,6359","-0,73"
"06.12.2011","0,6411","0,6393","0,6426","0,6383","0,33"
"05.12.2011","0,6390","0,6395","0,6415","0,6363","-0,30"
"02.12.2011","0,6409","0,6374","0,6420","0,6359","0,56"
"01.12.2011","0,6373","0,6369","0,6395","0,6346","0,03"
"30.11.2011","0,6371","0,6409","0,6441","0,6336","-0,58"
"29.11.2011","0,6408","0,6450","0,6465","0,6386","-0,68"
"28.11.2011","0,6452","0,6459","0,6469","0,6411","-0,32"
"25.11.2011","0,6473","0,6454","0,6484","0,6443","0,28"
"24.11.2011","0,6455","0,6440","0,6459","0,6423","0,16"
"23.11.2011","0,6445","0,6396","0,6454","0,6387","0,80"
"22.11.2011","0,6394","0,6392","0,6418","0,6371","0,03"
"21.11.2011","0,6392","0,6332","0,6405","0,6329","0,96"
"18.11.2011","0,6331","0,6346","0,6354","0,6293","-0,25"
"17.11.2011","0,6347","0,6357","0,6374","0,6323","-0,17"
"16.11.2011","0,6358","0,6319","0,6361","0,6317","0,57"
"15.11.2011","0,6322","0,6287","0,6330","0,6275","0,54"
"14.11.2011","0,6288","0,6218","0,6297","0,6214","1,08"
"11.11.2011","0,6221","0,6277","0,6291","0,6213","-0,84"
"10.11.2011","0,6274","0,6281","0,6301","0,6255","-0,11"
"09.11.2011","0,6281","0,6212","0,6288","0,6203","1,05"
"08.11.2011","0,6216","0,6228","0,6237","0,6198","-0,19"
"07.11.2011","0,6228","0,6222","0,6258","0,6218","-0,16"
"04.11.2011","0,6238","0,6236","0,6272","0,6224","0,19"
"03.11.2011","0,6226","0,6267","0,6299","0,6222","-0,72"
"02.11.2011","0,6271","0,6269","0,6283","0,6231","0,02"
"01.11.2011","0,6270","0,6218","0,6292","0,6212","0,90"
"31.10.2011","0,6214","0,6200","0,6264","0,6185","0,18"
"28.10.2011","0,6203","0,6210","0,6223","0,6190","-0,13"
"27.10.2011","0,6211","0,6266","0,6268","0,6195","-0,80"
"26.10.2011","0,6261","0,6248","0,6292","0,6232","0,18"
"25.10.2011","0,6250","0,6252","0,6267","0,6234","-0,05"
"24.10.2011","0,6253","0,6270","0,6290","0,6246","-0,24"
"21.10.2011","0,6268","0,6331","0,6348","0,6259","-1,03"
"20.10.2011","0,6333","0,6340","0,6378","0,6326","-0,13"
"19.10.2011","0,6341","0,6365","0,6370","0,6309","-0,42"
"18.10.2011","0,6368","0,6352","0,6398","0,6319","0,27"
"17.10.2011","0,6351","0,6320","0,6358","0,6308","0,47"
"14.10.2011","0,6321","0,6345","0,6361","0,6308","-0,36"
"13.10.2011","0,6344","0,6350","0,6383","0,6334","-0,11"
"12.10.2011","0,6351","0,6412","0,6433","0,6329","-1,00"
"11.10.2011","0,6415","0,6385","0,6422","0,6383","0,47"
"10.10.2011","0,6385","0,6426","0,6441","0,6373","-0,64"
"07.10.2011","0,6426","0,6477","0,6484","0,6391","-0,80"
"06.10.2011","0,6478","0,6463","0,6549","0,6450","0,20"
"05.10.2011","0,6465","0,6459","0,6497","0,6454","0,14"
"04.10.2011","0,6456","0,6479","0,6519","0,6452","-0,43"
"03.10.2011","0,6484","0,6420","0,6485","0,6414","1,04"
"30.09.2011","0,6417","0,6404","0,6439","0,6382","0,25"
"29.09.2011","0,6401","0,6421","0,6433","0,6362","-0,33"
"28.09.2011","0,6422","0,6393","0,6425","0,6377","0,42"
"27.09.2011","0,6395","0,6426","0,6441","0,6366","-0,51"
"26.09.2011","0,6428","0,6464","0,6480","0,6421","-0,57"
"23.09.2011","0,6465","0,6516","0,6520","0,6454","-0,84"
"22.09.2011","0,6520","0,6446","0,6525","0,6443","1,05"
"21.09.2011","0,6452","0,6351","0,6458","0,6350","1,59"
"20.09.2011","0,6351","0,6372","0,6388","0,6349","-0,31"
"19.09.2011","0,6371","0,6358","0,6398","0,6346","0,58"
"16.09.2011","0,6334","0,6330","0,6352","0,6312","0,08"
"15.09.2011","0,6329","0,6343","0,6357","0,6300","-0,22"
"14.09.2011","0,6343","0,6338","0,6368","0,6322","0,09"
"13.09.2011","0,6337","0,6304","0,6344","0,6300","0,51"
"12.09.2011","0,6305","0,6316","0,6339","0,6294","0,14"
"09.09.2011","0,6296","0,6265","0,6312","0,6252","0,48"
"08.09.2011","0,6266","0,6254","0,6284","0,6217","0,19"
"07.09.2011","0,6254","0,6272","0,6281","0,6234","-0,30"
"06.09.2011","0,6273","0,6204","0,6280","0,6179","1,08"
"05.09.2011","0,6206","0,6189","0,6226","0,6177","0,65"
"02.09.2011","0,6166","0,6179","0,6184","0,6152","-0,21"
"01.09.2011","0,6179","0,6156","0,6199","0,6149","0,44"
"31.08.2011","0,6152","0,6133","0,6161","0,6121","0,29"
"30.08.2011","0,6134","0,6092","0,6153","0,6089","0,66"
"29.08.2011","0,6094","0,6124","0,6125","0,6076","-0,23"
"26.08.2011","0,6108","0,6142","0,6170","0,6104","-0,52"
"25.08.2011","0,6140","0,6111","0,6150","0,6098","0,54"
"24.08.2011","0,6107","0,6064","0,6111","0,6047","0,76"
"23.08.2011","0,6061","0,6074","0,6078","0,6034","-0,25"
"22.08.2011","0,6076","0,6069","0,6085","0,6052","0,03"
"19.08.2011","0,6074","0,6058","0,6082","0,6017","0,31"
"18.08.2011","0,6055","0,6046","0,6089","0,6040","0,17"
"17.08.2011","0,6045","0,6079","0,6116","0,6026","-0,56"
"16.08.2011","0,6079","0,6102","0,6127","0,6068","-0,34"
"15.08.2011","0,6100","0,6140","0,6151","0,6093","-0,70"
"12.08.2011","0,6143","0,6157","0,6186","0,6129","-0,23"
"11.08.2011","0,6157","0,6200","0,6208","0,6155","-0,68"
"10.08.2011","0,6199","0,6123","0,6202","0,6122","1,14"
"09.08.2011","0,6129","0,6127","0,6182","0,6093","0,00"
"08.08.2011","0,6129","0,6072","0,6136","0,6069","0,48"
"05.08.2011","0,6100","0,6149","0,6161","0,6098","-0,76"
"04.08.2011","0,6147","0,6083","0,6156","0,6082","1,00"
"03.08.2011","0,6086","0,6139","0,6153","0,6083","-0,85"
"02.08.2011","0,6138","0,6134","0,6163","0,6123","0,02"
"01.08.2011","0,6137","0,6098","0,6159","0,6069","0,77"
"29.07.2011","0,6090","0,6108","0,6150","0,6071","-0,28"
"28.07.2011","0,6107","0,6123","0,6137","0,6103","-0,25"
"27.07.2011","0,6122","0,6089","0,6130","0,6081","0,49"
"26.07.2011","0,6092","0,6142","0,6149","0,6085","-0,88"
"25.07.2011","0,6146","0,6122","0,6149","0,6121","0,20"
"22.07.2011","0,6134","0,6126","0,6149","0,6124","0,07"
"21.07.2011","0,6130","0,6189","0,6204","0,6118","-0,99"
"20.07.2011","0,6191","0,6201","0,6224","0,6184","-0,13"
"19.07.2011","0,6199","0,6232","0,6233","0,6180","-0,50"
"18.07.2011","0,6230","0,6204","0,6249","0,6198","0,53"
"15.07.2011","0,6197","0,6195","0,6221","0,6181","0,06"
"14.07.2011","0,6193","0,6197","0,6213","0,6175","-0,13"
"13.07.2011","0,6201","0,6273","0,6286","0,6193","-1,31"
"12.07.2011","0,6283","0,6287","0,6337","0,6269","-0,05"
"11.07.2011","0,6286","0,6238","0,6297","0,6232","0,95"
"08.07.2011","0,6227","0,6261","0,6277","0,6219","-0,53"
"07.07.2011","0,6260","0,6248","0,6270","0,6242","0,16"
"06.07.2011","0,6250","0,6224","0,6271","0,6214","0,39"
"05.07.2011","0,6226","0,6213","0,6253","0,6199","0,16"
"04.07.2011","0,6216","0,6224","0,6230","0,6195","-0,06"
"01.07.2011","0,6220","0,6231","0,6255","0,6212","-0,19"
"30.06.2011","0,6232","0,6225","0,6261","0,6203","0,13"
"29.06.2011","0,6224","0,6251","0,6261","0,6220","-0,42"
"28.06.2011","0,6250","0,6255","0,6284","0,6232","-0,06"
"27.06.2011","0,6254","0,6264","0,6283","0,6244","-0,18"
"24.06.2011","0,6265","0,6243","0,6270","0,6231","0,34"
"23.06.2011","0,6244","0,6223","0,6275","0,6221","0,32"
"22.06.2011","0,6224","0,6157","0,6227","0,6148","1,09"
"21.06.2011","0,6157","0,6171","0,6186","0,6152","-0,24"
"20.06.2011","0,6172","0,6185","0,6208","0,6158","-0,03"
"17.06.2011","0,6174","0,6182","0,6214","0,6171","-0,19"
"16.06.2011","0,6186","0,6180","0,6220","0,6161","0,08"
"15.06.2011","0,6181","0,6106","0,6186","0,6102","1,20"
"14.06.2011","0,6108","0,6106","0,6115","0,6081","0,03"
"13.06.2011","0,6106","0,6159","0,6167","0,6101","-0,86"
"10.06.2011","0,6159","0,6108","0,6166","0,6102","0,80"
"09.06.2011","0,6110","0,6099","0,6114","0,6072","0,18"
"08.06.2011","0,6099","0,6082","0,6118","0,6079","0,31"
"07.06.2011","0,6080","0,6113","0,6126","0,6071","-0,56"
"06.06.2011","0,6114","0,6088","0,6121","0,6075","0,44"
"03.06.2011","0,6087","0,6109","0,6141","0,6082","-0,33"
"02.06.2011","0,6107","0,6124","0,6132","0,6090","-0,26"
"01.06.2011","0,6123","0,6078","0,6126","0,6061","0,72"
"31.05.2011","0,6079","0,6068","0,6089","0,6042","0,15"
"30.05.2011","0,6070","0,6066","0,6079","0,6055","0,20"
"27.05.2011","0,6058","0,6100","0,6106","0,6054","-0,69"
"26.05.2011","0,6100","0,6144","0,6146","0,6093","-0,72"
"25.05.2011","0,6144","0,6180","0,6200","0,6136","-0,57"
"24.05.2011","0,6179","0,6202","0,6227","0,6169","-0,37"
"23.05.2011","0,6202","0,6164","0,6216","0,6160","0,65"
"20.05.2011","0,6162","0,6160","0,6186","0,6133","0,03"
"19.05.2011","0,6160","0,6184","0,6200","0,6155","-0,42"
"18.05.2011","0,6186","0,6153","0,6209","0,6138","0,50"
"17.05.2011","0,6155","0,6173","0,6183","0,6133","-0,31"
"16.05.2011","0,6174","0,6181","0,6189","0,6151","0,02"
"13.05.2011","0,6173","0,6139","0,6193","0,6130","0,55"
"12.05.2011","0,6139","0,6114","0,6160","0,6103","0,38"
"11.05.2011","0,6116","0,6109","0,6127","0,6053","0,11"
"10.05.2011","0,6109","0,6101","0,6129","0,6089","0,18"
"09.05.2011","0,6098","0,6106","0,6147","0,6094","-0,18"
"06.05.2011","0,6109","0,6100","0,6115","0,6073","0,13"
"05.05.2011","0,6101","0,6062","0,6113","0,6044","0,63"
"04.05.2011","0,6063","0,6067","0,6079","0,6032","-0,07"
"03.05.2011","0,6067","0,6006","0,6075","0,6001","1,02"
"02.05.2011","0,6006","0,5984","0,6011","0,5973","0,32"
"29.04.2011","0,5987","0,6010","0,6016","0,5979","-0,45"
"28.04.2011","0,6014","0,6013","0,6017","0,5971","-0,02"
"27.04.2011","0,6015","0,6066","0,6085","0,6010","-0,86"
"26.04.2011","0,6067","0,6061","0,6087","0,6048","0,12"
"25.04.2011","0,6060","0,6051","0,6073","0,6040","0,05"
"22.04.2011","0,6057","0,6055","0,6061","0,6035","0,03"
"21.04.2011","0,6055","0,6097","0,6102","0,6023","-0,67"
"20.04.2011","0,6096","0,6127","0,6133","0,6087","-0,54"
"19.04.2011","0,6129","0,6146","0,6161","0,6120","-0,31"
"18.04.2011","0,6148","0,6128","0,6186","0,6124","0,34"
"15.04.2011","0,6127","0,6116","0,6139","0,6106","0,16"
"14.04.2011","0,6117","0,6146","0,6152","0,6102","-0,50"
"13.04.2011","0,6148","0,6149","0,6159","0,6130","-0,07"
"12.04.2011","0,6152","0,6118","0,6162","0,6114","0,56"
"11.04.2011","0,6118","0,6105","0,6129","0,6086","0,25"
"08.04.2011","0,6103","0,6126","0,6130","0,6086","-0,41"
"07.04.2011","0,6128","0,6121","0,6149","0,6118","0,08"
"06.04.2011","0,6123","0,6136","0,6152","0,6110","-0,23"
"05.04.2011","0,6137","0,6200","0,6214","0,6133","-1,02"
"04.04.2011","0,6200","0,6208","0,6209","0,6180","-0,10"
"01.04.2011","0,6206","0,6235","0,6262","0,6197","-0,51"
"31.03.2011","0,6238","0,6218","0,6243","0,6190","0,29"
"30.03.2011","0,6220","0,6245","0,6259","0,6216","-0,38"
"29.03.2011","0,6244","0,6254","0,6273","0,6232","-0,14"
"28.03.2011","0,6253","0,6246","0,6276","0,6234","0,29"
"25.03.2011","0,6235","0,6203","0,6247","0,6194","0,52"
"24.03.2011","0,6203","0,6156","0,6214","0,6146","0,68"
"23.03.2011","0,6161","0,6106","0,6166","0,6103","0,83"
"22.03.2011","0,6110","0,6133","0,6138","0,6096","-0,31"
"21.03.2011","0,6129","0,6163","0,6171","0,6123","-0,49"
"18.03.2011","0,6159","0,6196","0,6227","0,6151","-0,60"
"17.03.2011","0,6196","0,6253","0,6257","0,6183","-0,63"
"16.03.2011","0,6235","0,6216","0,6256","0,6198","0,23"
"15.03.2011","0,6221","0,6183","0,6258","0,6177","0,61"
"14.03.2011","0,6183","0,6217","0,6240","0,6172","-0,58"
"11.03.2011","0,6219","0,6227","0,6260","0,6215","-0,18"
"10.03.2011","0,6230","0,6173","0,6234","0,6165","0,94"
"09.03.2011","0,6172","0,6187","0,6197","0,6145","-0,26"
"08.03.2011","0,6188","0,6172","0,6201","0,6168","0,26"
"07.03.2011","0,6172","0,6144","0,6180","0,6117","0,46"
"04.03.2011","0,6144","0,6143","0,6159","0,6132","-0,02"
"03.03.2011","0,6145","0,6124","0,6153","0,6121","0,33"
"02.03.2011","0,6125","0,6149","0,6167","0,6117","-0,41"
"01.03.2011","0,6150","0,6150","0,6154","0,6123","0,00"
"28.02.2011","0,6150","0,6206","0,6222","0,6143","-0,87"
"25.02.2011","0,6204","0,6196","0,6239","0,6187","0,13"
"24.02.2011","0,6196","0,6168","0,6218","0,6150","0,44"
"23.02.2011","0,6169","0,6195","0,6198","0,6145","-0,47"
"22.02.2011","0,6198","0,6162","0,6210","0,6161","0,55"
"21.02.2011","0,6164","0,6149","0,6172","0,6149","0,13"
"18.02.2011","0,6156","0,6182","0,6192","0,6148","-0,44"
"17.02.2011","0,6183","0,6213","0,6221","0,6177","-0,51"
"16.02.2011","0,6215","0,6200","0,6256","0,6177","0,23"
"15.02.2011","0,6201","0,6236","0,6247","0,6183","-0,51"
"14.02.2011","0,6233","0,6255","0,6258","0,6219","-0,22"
"11.02.2011","0,6247","0,6213","0,6265","0,6205","0,56"
"10.02.2011","0,6212","0,6210","0,6246","0,6196","0,02"
"09.02.2011","0,6211","0,6223","0,6238","0,6201","-0,19"
"08.02.2011","0,6223","0,6207","0,6240","0,6186","0,24"
"07.02.2011","0,6208","0,6211","0,6216","0,6177","-0,02"
"04.02.2011","0,6209","0,6193","0,6237","0,6182","0,19"
"03.02.2011","0,6197","0,6177","0,6203","0,6142","0,29"
"02.02.2011","0,6179","0,6192","0,6200","0,6160","-0,26"
"01.02.2011","0,6195","0,6243","0,6247","0,6185","-0,75"
"31.01.2011","0,6242","0,6304","0,6321","0,6229","-0,98"
"28.01.2011","0,6304","0,6274","0,6320","0,6262","0,41"
"27.01.2011","0,6278","0,6277","0,6298","0,6252","-0,13"
"26.01.2011","0,6286","0,6322","0,6342","0,6283","-0,47"
"25.01.2011","0,6316","0,6255","0,6349","0,6241","1,01"
"24.01.2011","0,6253","0,6250","0,6282","0,6243","0,10"
"21.01.2011","0,6247","0,6287","0,6303","0,6242","-0,62"
"20.01.2011","0,6286","0,6250","0,6314","0,6245","0,56"
"19.01.2011","0,6251","0,6263","0,6272","0,6234","-0,24"
"18.01.2011","0,6266","0,6294","0,6299","0,6225","-0,46"
"17.01.2011","0,6295","0,6301","0,6315","0,6266","-0,14"
"14.01.2011","0,6304","0,6314","0,6324","0,6292","-0,21"
"13.01.2011","0,6317","0,6343","0,6362","0,6294","-0,46"
"12.01.2011","0,6346","0,6406","0,6418","0,6336","-0,97"
"11.01.2011","0,6408","0,6421","0,6447","0,6393","-0,20"
"10.01.2011","0,6421","0,6440","0,6463","0,6408","-0,11"
"07.01.2011","0,6428","0,6463","0,6490","0,6418","-0,56"
"06.01.2011","0,6464","0,6442","0,6473","0,6425","0,25"
"05.01.2011","0,6448","0,6415","0,6472","0,6398","0,51"
"04.01.2011","0,6415","0,6457","0,6471","0,6391","-0,68"
"03.01.2011","0,6459","0,6421","0,6480","0,6415","0,76"
"31.12.2010","0,6410","0,6482","0,6484","0,6383","-1,11"
"30.12.2010","0,6482","0,6452","0,6508","0,6435","0,46"
"29.12.2010","0,6452","0,6502","0,6514","0,6442","-0,72"
"28.12.2010","0,6499","0,6484","0,6517","0,6446","0,22"
"27.12.2010","0,6485","0,6475","0,6507","0,6469","0,14"
"24.12.2010","0,6476","0,6481","0,6487","0,6460","-0,06"
"23.12.2010","0,6480","0,6499","0,6505","0,6476","-0,29"
"22.12.2010","0,6499","0,6463","0,6512","0,6453","0,54"
"21.12.2010","0,6464","0,6447","0,6479","0,6422","0,28"
"20.12.2010","0,6446","0,6449","0,6462","0,6418","0,12"
"17.12.2010","0,6438","0,6396","0,6471","0,6390","0,63"
"16.12.2010","0,6398","0,6433","0,6434","0,6394","-0,56"
"15.12.2010","0,6434","0,6335","0,6439","0,6334","1,55"
"14.12.2010","0,6336","0,6306","0,6354","0,6284","0,43"
"13.12.2010","0,6309","0,6326","0,6361","0,6289","-0,21"
"10.12.2010","0,6322","0,6340","0,6350","0,6304","-0,30"
"09.12.2010","0,6341","0,6327","0,6365","0,6312","0,22"
"08.12.2010","0,6327","0,6343","0,6383","0,6314","-0,28"
"07.12.2010","0,6345","0,6363","0,6368","0,6319","-0,31"
"06.12.2010","0,6365","0,6342","0,6388","0,6338","0,43"
"03.12.2010","0,6338","0,6408","0,6419","0,6333","-1,09"
"02.12.2010","0,6408","0,6399","0,6448","0,6382","0,16"
"01.12.2010","0,6398","0,6425","0,6432","0,6390","-0,48"
"30.11.2010","0,6429","0,6420","0,6458","0,6411","0,12"
"29.11.2010","0,6421","0,6411","0,6441","0,6390","0,12"
"26.11.2010","0,6413","0,6344","0,6420","0,6339","1,09"
"25.11.2010","0,6344","0,6339","0,6359","0,6330","0,09"
"24.11.2010","0,6338","0,6337","0,6352","0,6314","0,00"
"23.11.2010","0,6338","0,6266","0,6345","0,6263","1,17"
"22.11.2010","0,6265","0,6257","0,6290","0,6216","0,14"
"19.11.2010","0,6256","0,6234","0,6275","0,6213","0,40"
"18.11.2010","0,6231","0,6287","0,6293","0,6227","-0,95"
"17.11.2010","0,6291","0,6294","0,6307","0,6269","-0,03"
"16.11.2010","0,6293","0,6228","0,6313","0,6216","1,08"
"15.11.2010","0,6226","0,6190","0,6235","0,6189","0,45"
"12.11.2010","0,6198","0,6203","0,6254","0,6178","-0,11"
"11.11.2010","0,6205","0,6202","0,6219","0,6180","0,05"
"10.11.2010","0,6202","0,6254","0,6265","0,6196","-0,85"
"09.11.2010","0,6255","0,6196","0,6269","0,6179","0,95"
"08.11.2010","0,6196","0,6174","0,6209","0,6167","0,24"
"05.11.2010","0,6181","0,6146","0,6186","0,6136","0,54"
"04.11.2010","0,6148","0,6208","0,6217","0,6134","-1,03"
"03.11.2010","0,6212","0,6232","0,6248","0,6185","-0,34"
"02.11.2010","0,6233","0,6232","0,6266","0,6218","-0,03"
"01.11.2010","0,6235","0,6232","0,6247","0,6214","0,02"
"29.10.2010","0,6234","0,6273","0,6299","0,6231","-0,61"
"28.10.2010","0,6272","0,6338","0,6344","0,6258","-1,07"
"27.10.2010","0,6340","0,6308","0,6357","0,6302","0,44"
"26.10.2010","0,6312","0,6355","0,6373","0,6290","-0,69"
"25.10.2010","0,6356","0,6381","0,6384","0,6339","-0,30"
"22.10.2010","0,6375","0,6364","0,6388","0,6348","0,14"
"21.10.2010","0,6366","0,6312","0,6375","0,6309","0,89"
"20.10.2010","0,6310","0,6371","0,6389","0,6296","-0,83"
"19.10.2010","0,6363","0,6289","0,6377","0,6272","1,06"
"18.10.2010","0,6296","0,6255","0,6315","0,6247","0,69"
"15.10.2010","0,6253","0,6246","0,6261","0,6208","0,10"
"14.10.2010","0,6247","0,6291","0,6293","0,6223","-0,68"
"13.10.2010","0,6290","0,6327","0,6340","0,6285","-0,57"
"12.10.2010","0,6326","0,6297","0,6346","0,6281","0,46"
"11.10.2010","0,6297","0,6265","0,6302","0,6263","0,54"
"08.10.2010","0,6263","0,6300","0,6321","0,6263","-0,57"
"07.10.2010","0,6299","0,6293","0,6319","0,6242","0,13"
"06.10.2010","0,6291","0,6293","0,6317","0,6273","-0,06"
"05.10.2010","0,6295","0,6317","0,6349","0,6276","-0,40"
"04.10.2010","0,6320","0,6326","0,6350","0,6300","-0,03"
"01.10.2010","0,6322","0,6365","0,6368","0,6299","-0,66"
"30.09.2010","0,6364","0,6331","0,6383","0,6279","0,47"
"29.09.2010","0,6334","0,6328","0,6345","0,6298","0,08"
"28.09.2010","0,6329","0,6325","0,6362","0,6290","0,17"
"27.09.2010","0,6318","0,6318","0,6334","0,6301","-0,05"
"24.09.2010","0,6321","0,6375","0,6394","0,6311","-0,91"
"23.09.2010","0,6379","0,6390","0,6406","0,6352","-0,09"
"22.09.2010","0,6385","0,6405","0,6411","0,6362","-0,33"
"21.09.2010","0,6406","0,6431","0,6451","0,6391","-0,37"
"20.09.2010","0,6430","0,6384","0,6437","0,6374","0,48"
"17.09.2010","0,6399","0,6400","0,6412","0,6356","-0,03"
"16.09.2010","0,6401","0,6398","0,6435","0,6389","0,00"
"15.09.2010","0,6401","0,6436","0,6472","0,6388","-0,53"
"14.09.2010","0,6435","0,6483","0,6517","0,6414","-0,71"
"13.09.2010","0,6481","0,6512","0,6513","0,6455","-0,51"
"10.09.2010","0,6514","0,6479","0,6517","0,6464","0,51"
"09.09.2010","0,6481","0,6462","0,6505","0,6460","0,28"
"08.09.2010","0,6463","0,6510","0,6517","0,6437","-0,71"
"07.09.2010","0,6509","0,6495","0,6538","0,6482","0,18"
"06.09.2010","0,6497","0,6475","0,6517","0,6455","0,37"
"03.09.2010","0,6473","0,6496","0,6499","0,6463","-0,31"
"02.09.2010","0,6493","0,6472","0,6515","0,6468","0,37"
"01.09.2010","0,6469","0,6512","0,6521","0,6454","-0,71"
"31.08.2010","0,6515","0,6467","0,6525","0,6459","0,76"
"30.08.2010","0,6466","0,6436","0,6471","0,6418","0,37"
"27.08.2010","0,6442","0,6441","0,6476","0,6434","0,06"
"26.08.2010","0,6438","0,6462","0,6466","0,6410","-0,46"
"25.08.2010","0,6468","0,6487","0,6499","0,6462","-0,35"
"24.08.2010","0,6491","0,6453","0,6505","0,6445","0,68"
"23.08.2010","0,6447","0,6432","0,6452","0,6401","0,14"
"20.08.2010","0,6438","0,6412","0,6468","0,6409","0,44"
"19.08.2010","0,6410","0,6409","0,6451","0,6380","0,00"
"18.08.2010","0,6410","0,6420","0,6452","0,6373","-0,11"
"17.08.2010","0,6417","0,6387","0,6430","0,6369","0,55"
"16.08.2010","0,6382","0,6417","0,6436","0,6366","-0,45"
"13.08.2010","0,6411","0,6419","0,6423","0,6375","-0,19"
"12.08.2010","0,6423","0,6391","0,6426","0,6362","0,34"
"11.08.2010","0,6401","0,6308","0,6404","0,6301","1,49"
"10.08.2010","0,6307","0,6288","0,6366","0,6284","0,29"
"09.08.2010","0,6289","0,6254","0,6292","0,6250","0,29"
"06.08.2010","0,6271","0,6293","0,6314","0,6249","-0,30"
"05.08.2010","0,6290","0,6293","0,6321","0,6277","-0,05"
"04.08.2010","0,6293","0,6270","0,6307","0,6262","0,37"
"03.08.2010","0,6270","0,6292","0,6304","0,6261","-0,33"
"02.08.2010","0,6291","0,6358","0,6371","0,6285","-1,33"
"30.07.2010","0,6376","0,6403","0,6430","0,6360","-0,45"
"29.07.2010","0,6405","0,6414","0,6419","0,6384","-0,12"
"28.07.2010","0,6413","0,6411","0,6433","0,6393","0,00"
"27.07.2010","0,6413","0,6456","0,6476","0,6409","-0,68"
"26.07.2010","0,6457","0,6486","0,6490","0,6442","-0,32"
"23.07.2010","0,6478","0,6554","0,6556","0,6472","-1,17"
"22.07.2010","0,6555","0,6587","0,6602","0,6536","-0,58"
"21.07.2010","0,6593","0,6547","0,6613","0,6520","0,67"
"20.07.2010","0,6549","0,6566","0,6600","0,6530","-0,30"
"19.07.2010","0,6569","0,6539","0,6577","0,6513","0,44"
"16.07.2010","0,6540","0,6475","0,6546","0,6471","1,08"
"15.07.2010","0,6470","0,6550","0,6564","0,6462","-1,27"
"14.07.2010","0,6553","0,6585","0,6591","0,6536","-0,55"
"13.07.2010","0,6589","0,6654","0,6683","0,6580","-1,02"
"12.07.2010","0,6657","0,6641","0,6690","0,6628","0,29"
"09.07.2010","0,6638","0,6595","0,6645","0,6575","0,67"
"08.07.2010","0,6594","0,6590","0,6622","0,6560","0,14"
"07.07.2010","0,6585","0,6599","0,6632","0,6569","-0,23"
"06.07.2010","0,6600","0,6605","0,6631","0,6566","-0,09"
"05.07.2010","0,6606","0,6578","0,6627","0,6578","0,43"
"02.07.2010","0,6578","0,6583","0,6601","0,6565","-0,18"
"01.07.2010","0,6590","0,6691","0,6724","0,6582","-1,49"
"30.06.2010","0,6690","0,6640","0,6696","0,6633","0,75"
"29.06.2010","0,6640","0,6622","0,6661","0,6612","0,27"
"28.06.2010","0,6622","0,6642","0,6659","0,6609","-0,24"
"25.06.2010","0,6638","0,6700","0,6732","0,6631","-0,87"
"24.06.2010","0,6696","0,6684","0,6705","0,6660","0,22"
"23.06.2010","0,6681","0,6753","0,6756","0,6677","-1,07"
"22.06.2010","0,6753","0,6774","0,6808","0,6729","-0,41"
"21.06.2010","0,6781","0,6730","0,6784","0,6694","0,55"
"18.06.2010","0,6744","0,6749","0,6771","0,6716","-0,03"
"17.06.2010","0,6746","0,6791","0,6829","0,6738","-0,63"
"16.06.2010","0,6789","0,6755","0,6794","0,6730","0,49"
"15.06.2010","0,6756","0,6785","0,6811","0,6739","-0,40"
"14.06.2010","0,6783","0,6865","0,6872","0,6751","-1,34"
"11.06.2010","0,6875","0,6802","0,6895","0,6774","1,09"
"10.06.2010","0,6801","0,6880","0,6892","0,6793","-1,15"
"09.06.2010","0,6880","0,6912","0,6946","0,6844","-0,43"
"08.06.2010","0,6910","0,6912","0,6971","0,6881","-0,01"
"07.06.2010","0,6911","0,6931","0,6950","0,6866","-0,06"
"04.06.2010","0,6915","0,6839","0,6919","0,6810","1,04"
"03.06.2010","0,6844","0,6824","0,6856","0,6782","0,26"
"02.06.2010","0,6826","0,6831","0,6871","0,6769","-0,01"
"01.06.2010","0,6827","0,6879","0,6926","0,6792","-0,74"
"31.05.2010","0,6878","0,6928","0,6930","0,6872","-0,51"
"28.05.2010","0,6913","0,6858","0,6929","0,6843","0,82"
"27.05.2010","0,6857","0,6957","0,6960","0,6845","-1,49"
"26.05.2010","0,6961","0,6923","0,6977","0,6922","0,40"
"25.05.2010","0,6933","0,6943","0,7014","0,6930","-0,03"
"24.05.2010","0,6935","0,6914","0,6968","0,6882","0,35"
"21.05.2010","0,6911","0,6970","0,6986","0,6897","-0,80"
"20.05.2010","0,6967","0,6915","0,7026","0,6914","0,71"
"19.05.2010","0,6918","0,6993","0,7023","0,6916","-1,06"
"18.05.2010","0,6992","0,6902","0,6993","0,6886","1,23"
"17.05.2010","0,6907","0,6883","0,7017","0,6873","0,42"
"14.05.2010","0,6878","0,6852","0,6899","0,6829","0,47"
"13.05.2010","0,6846","0,6744","0,6853","0,6702","1,50"
"12.05.2010","0,6745","0,6697","0,6749","0,6645","0,88"
"11.05.2010","0,6686","0,6725","0,6794","0,6663","-0,73"
"10.05.2010","0,6735","0,6732","0,6774","0,6641","-0,30"
"07.05.2010","0,6755","0,6777","0,6908","0,6693","-0,27"
"06.05.2010","0,6773","0,6619","0,6797","0,6600","2,26"
"05.05.2010","0,6623","0,6609","0,6637","0,6589","0,26"
"04.05.2010","0,6606","0,6562","0,6627","0,6548","0,72"
"03.05.2010","0,6559","0,6528","0,6575","0,6526","0,15"
"30.04.2010","0,6549","0,6517","0,6557","0,6496","0,35"
"29.04.2010","0,6526","0,6575","0,6604","0,6517","-0,79"
"28.04.2010","0,6578","0,6559","0,6612","0,6539","0,29"
"27.04.2010","0,6559","0,6470","0,6562","0,6457","1,34"
"26.04.2010","0,6472","0,6498","0,6505","0,6452","-0,46"
"23.04.2010","0,6502","0,6498","0,6538","0,6492","0,06"
"22.04.2010","0,6498","0,6489","0,6520","0,6462","0,11"
"21.04.2010","0,6491","0,6500","0,6523","0,6476","-0,23"
"20.04.2010","0,6506","0,6518","0,6541","0,6479","-0,21"
"19.04.2010","0,6520","0,6541","0,6583","0,6517","0,15"
"16.04.2010","0,6510","0,6465","0,6512","0,6458","0,91"
"15.04.2010","0,6451","0,6463","0,6500","0,6441","-0,22"
"14.04.2010","0,6465","0,6500","0,6506","0,6455","-0,57"
"13.04.2010","0,6502","0,6509","0,6521","0,6471","-0,08"
"12.04.2010","0,6507","0,6472","0,6514","0,6457","0,05"
"09.04.2010","0,6504","0,6544","0,6550","0,6495","-0,63"
"08.04.2010","0,6545","0,6564","0,6604","0,6542","-0,26"
"07.04.2010","0,6562","0,6551","0,6606","0,6541","0,21"
"06.04.2010","0,6548","0,6538","0,6610","0,6531","0,12"
"05.04.2010","0,6540","0,6548","0,6570","0,6527","-0,53"
"02.04.2010","0,6575","0,6539","0,6586","0,6536","0,52"
"01.04.2010","0,6541","0,6585","0,6592","0,6533","-0,68"
"31.03.2010","0,6586","0,6634","0,6648","0,6576","-0,75"
"30.03.2010","0,6636","0,6674","0,6679","0,6610","-0,57"
"29.03.2010","0,6674","0,6688","0,6715","0,6656","-0,54"
"26.03.2010","0,6710","0,6749","0,6754","0,6699","-0,61"
"25.03.2010","0,6751","0,6723","0,6758","0,6670","0,39"
"24.03.2010","0,6725","0,6648","0,6732","0,6647","1,17"
"23.03.2010","0,6647","0,6619","0,6679","0,6616","0,36"
"22.03.2010","0,6623","0,6671","0,6696","0,6618","-0,57"
"19.03.2010","0,6661","0,6559","0,6672","0,6553","1,54"
"18.03.2010","0,6560","0,6527","0,6572","0,6522","0,49"
"17.03.2010","0,6528","0,6555","0,6576","0,6501","-0,41"
"16.03.2010","0,6555","0,6643","0,6677","0,6552","-1,32"
"15.03.2010","0,6643","0,6588","0,6657","0,6575","0,90"
"12.03.2010","0,6584","0,6639","0,6655","0,6570","-0,83"
"11.03.2010","0,6639","0,6677","0,6691","0,6636","-0,55"
"10.03.2010","0,6676","0,6667","0,6724","0,6658","0,13"
"09.03.2010","0,6667","0,6636","0,6694","0,6635","0,42"
"08.03.2010","0,6639","0,6605","0,6653","0,6579","0,48"
"05.03.2010","0,6607","0,6650","0,6670","0,6592","-0,68"
"04.03.2010","0,6652","0,6623","0,6664","0,6605","0,47"
"03.03.2010","0,6621","0,6679","0,6685","0,6608","-0,93"
"02.03.2010","0,6683","0,6671","0,6732","0,6665","0,19"
"01.03.2010","0,6670","0,6595","0,6765","0,6576","1,71"
"26.02.2010","0,6558","0,6550","0,6601","0,6527","0,12"
"25.02.2010","0,6550","0,6489","0,6583","0,6483","0,89"
"24.02.2010","0,6492","0,6482","0,6500","0,6460","0,06"
"23.02.2010","0,6488","0,6459","0,6496","0,6419","0,42"
"22.02.2010","0,6461","0,6460","0,6480","0,6442","-0,03"
"19.02.2010","0,6463","0,6435","0,6516","0,6430","1,00"
"18.02.2010","0,6399","0,6380","0,6429","0,6373","0,30"
"17.02.2010","0,6380","0,6334","0,6383","0,6322","0,74"
"16.02.2010","0,6333","0,6385","0,6399","0,6330","-0,83"
"15.02.2010","0,6386","0,6377","0,6405","0,6360","0,19"
"12.02.2010","0,6374","0,6367","0,6420","0,6351","0,05"
"11.02.2010","0,6371","0,6414","0,6428","0,6361","-0,73"
"10.02.2010","0,6418","0,6363","0,6421","0,6342","0,80"
"09.02.2010","0,6367","0,6417","0,6426","0,6349","-0,69"
"08.02.2010","0,6411","0,6412","0,6438","0,6384","0,27"
"05.02.2010","0,6394","0,6345","0,6428","0,6338","0,71"
"04.02.2010","0,6349","0,6296","0,6357","0,6281","0,94"
"03.02.2010","0,6290","0,6261","0,6295","0,6222","0,51"
"02.02.2010","0,6258","0,6267","0,6289","0,6251","-0,11"
"01.02.2010","0,6265","0,6269","0,6310","0,6257","0,26"
"29.01.2010","0,6249","0,6196","0,6258","0,6179","0,76"
"28.01.2010","0,6202","0,6183","0,6207","0,6143","0,23"
"27.01.2010","0,6188","0,6194","0,6209","0,6155","-0,11"
"26.01.2010","0,6195","0,6156","0,6214","0,6145","0,62"
"25.01.2010","0,6157","0,6207","0,6215","0,6149","-0,82"
"22.01.2010","0,6208","0,6174","0,6220","0,6140","0,57"
"21.01.2010","0,6173","0,6136","0,6202","0,6129","0,54"
"20.01.2010","0,6140","0,6110","0,6157","0,6107","0,51"
"19.01.2010","0,6109","0,6122","0,6130","0,6075","-0,23"
"18.01.2010","0,6123","0,6151","0,6154","0,6105","-0,42"
"15.01.2010","0,6149","0,6121","0,6169","0,6113","0,44"
"14.01.2010","0,6122","0,6140","0,6155","0,6117","-0,29"
"13.01.2010","0,6140","0,6187","0,6198","0,6132","-0,68"
"12.01.2010","0,6182","0,6207","0,6226","0,6174","-0,45"
"11.01.2010","0,6210","0,6221","0,6231","0,6174","-0,46"
"08.01.2010","0,6239","0,6275","0,6283","0,6206","-0,56"
"07.01.2010","0,6274","0,6245","0,6290","0,6226","0,54"
"06.01.2010","0,6240","0,6253","0,6275","0,6224","-0,18"
"05.01.2010","0,6251","0,6214","0,6263","0,6189","0,64"
"04.01.2010","0,6211","0,6200","0,6228","0,6156","0,44"
"01.01.2010","0,6184","0,6188","0,6193","0,6183","-0,10"
"31.12.2009","0,6190","0,6219","0,6230","0,6158","-0,51"
"30.12.2009","0,6222","0,6290","0,6317","0,6212","-1,08"
"29.12.2009","0,6290","0,6248","0,6303","0,6222","0,66"
"28.12.2009","0,6249","0,6266","0,6276","0,6243","-0,24"
"25.12.2009","0,6264","0,6264","0,6266","0,6252","-0,05"
"24.12.2009","0,6267","0,6266","0,6278","0,6240","0,00"
"23.12.2009","0,6267","0,6262","0,6280","0,6250","0,10"
"22.12.2009","0,6261","0,6229","0,6281","0,6210","0,50"
"21.12.2009","0,6230","0,6201","0,6239","0,6185","0,61"
"18.12.2009","0,6192","0,6189","0,6230","0,6153","0,03"
"17.12.2009","0,6190","0,6121","0,6220","0,6118","1,11"
"16.12.2009","0,6122","0,6147","0,6160","0,6093","-0,36"
"15.12.2009","0,6144","0,6132","0,6172","0,6126","0,21"
"14.12.2009","0,6131","0,6151","0,6177","0,6122","-0,36"
"11.12.2009","0,6153","0,6142","0,6174","0,6119","0,16"
"10.12.2009","0,6143","0,6149","0,6167","0,6117","-0,08"
"09.12.2009","0,6148","0,6139","0,6186","0,6106","0,13"
"08.12.2009","0,6140","0,6079","0,6152","0,6067","0,97"
"07.12.2009","0,6081","0,6086","0,6129","0,6053","0,03"
"04.12.2009","0,6079","0,6045","0,6089","0,5998","0,66"
"03.12.2009","0,6039","0,6010","0,6040","0,5979","0,48"
"02.12.2009","0,6010","0,6019","0,6042","0,5989","-0,10"
"01.12.2009","0,6016","0,6081","0,6100","0,6006","-1,00"
"30.11.2009","0,6077","0,6055","0,6105","0,6026","0,08"
"27.11.2009","0,6072","0,6053","0,6146","0,6046","0,25"
"26.11.2009","0,6057","0,5986","0,6072","0,5977","1,25"
"25.11.2009","0,5982","0,6031","0,6033","0,5970","-0,85"
"24.11.2009","0,6033","0,6021","0,6062","0,6016","0,20"
"23.11.2009","0,6021","0,6060","0,6071","0,6006","-0,61"
"20.11.2009","0,6058","0,6000","0,6076","0,5996","0,90"
"19.11.2009","0,6004","0,5972","0,6022","0,5967","0,54"
"18.11.2009","0,5972","0,5946","0,5983","0,5936","0,42"
"17.11.2009","0,5947","0,5943","0,5969","0,5926","0,08"
"16.11.2009","0,5942","0,5982","0,5998","0,5924","-0,82"
"13.11.2009","0,5991","0,6031","0,6035","0,5985","-0,61"
"12.11.2009","0,6028","0,6033","0,6055","0,6013","-0,12"
"11.11.2009","0,6035","0,5973","0,6048","0,5952","0,99"
"10.11.2009","0,5976","0,5966","0,6023","0,5955","0,12"
"09.11.2009","0,5969","0,6000","0,6018","0,5935","-0,78"
"06.11.2009","0,6016","0,6032","0,6054","0,6010","-0,20"
"05.11.2009","0,6028","0,6037","0,6072","0,6010","-0,15"
"04.11.2009","0,6037","0,6082","0,6097","0,6024","-0,89"
"03.11.2009","0,6091","0,6095","0,6149","0,6076","-0,15"
"02.11.2009","0,6100","0,6091","0,6125","0,6067","0,30"
"30.10.2009","0,6082","0,6037","0,6095","0,6031","0,75"
"29.10.2009","0,6037","0,6101","0,6122","0,6022","-1,13"
"28.10.2009","0,6106","0,6103","0,6141","0,6072","-0,03"
"27.10.2009","0,6108","0,6130","0,6141","0,6082","-0,28"
"26.10.2009","0,6125","0,6136","0,6154","0,6098","-0,11"
"23.10.2009","0,6132","0,6018","0,6136","0,5989","1,93"
"22.10.2009","0,6016","0,6028","0,6066","0,6010","-0,10"
"21.10.2009","0,6022","0,6103","0,6118","0,6010","-1,33"
"20.10.2009","0,6103","0,6085","0,6125","0,6064","0,18"
"19.10.2009","0,6092","0,6129","0,6158","0,6088","-0,36"
"16.10.2009","0,6114","0,6147","0,6154","0,6096","-0,54"
"15.10.2009","0,6147","0,6250","0,6252","0,6135","-1,77"
"14.10.2009","0,6258","0,6277","0,6288","0,6239","-0,37"
"13.10.2009","0,6281","0,6328","0,6365","0,6272","-0,81"
"12.10.2009","0,6332","0,6304","0,6359","0,6295","0,27"
"09.10.2009","0,6315","0,6224","0,6319","0,6220","1,51"
"08.10.2009","0,6221","0,6264","0,6270","0,6202","-0,69"
"07.10.2009","0,6264","0,6285","0,6305","0,6259","-0,27"
"06.10.2009","0,6281","0,6273","0,6299","0,6230","0,13"
"05.10.2009","0,6273","0,6273","0,6289","0,6239","0,00"
"02.10.2009","0,6273","0,6275","0,6328","0,6266","0,06"
"01.10.2009","0,6269","0,6247","0,6280","0,6240","0,34"
"30.09.2009","0,6248","0,6266","0,6271","0,6200","-0,29"
"29.09.2009","0,6266","0,6296","0,6320","0,6253","-0,48"
"28.09.2009","0,6296","0,6261","0,6341","0,6259","0,45"
"25.09.2009","0,6268","0,6225","0,6283","0,6224","0,69"
"24.09.2009","0,6225","0,6121","0,6242","0,6101","1,77"
"23.09.2009","0,6117","0,6114","0,6124","0,6072","0,03"
"22.09.2009","0,6115","0,6170","0,6171","0,6098","-0,84"
"21.09.2009","0,6167","0,6166","0,6199","0,6147","0,34"
"18.09.2009","0,6146","0,6079","0,6162","0,6076","1,09"
"17.09.2009","0,6080","0,6065","0,6088","0,6035","0,23"
"16.09.2009","0,6066","0,6065","0,6086","0,6047","0,02"
"15.09.2009","0,6065","0,6031","0,6097","0,6001","0,50"
"14.09.2009","0,6035","0,5993","0,6053","0,5992","0,57"
"11.09.2009","0,6001","0,6003","0,6009","0,5972","-0,05"
"10.09.2009","0,6004","0,6042","0,6068","0,5992","-0,68"
"09.09.2009","0,6045","0,6064","0,6077","0,6026","-0,33"
"08.09.2009","0,6065","0,6117","0,6127","0,6028","-0,85"
"07.09.2009","0,6117","0,6100","0,6126","0,6080","0,28"
"04.09.2009","0,6100","0,6122","0,6140","0,6093","-0,38"
"03.09.2009","0,6123","0,6146","0,6159","0,6092","-0,37"
"02.09.2009","0,6146","0,6188","0,6206","0,6134","-0,69"
"01.09.2009","0,6189","0,6143","0,6207","0,6106","0,78"
"31.08.2009","0,6141","0,6147","0,6179","0,6123","-0,10"
"28.08.2009","0,6147","0,6146","0,6151","0,6103","0,00"
"27.08.2009","0,6147","0,6160","0,6191","0,6132","-0,16"
"26.08.2009","0,6157","0,6117","0,6188","0,6114","0,60"
"25.08.2009","0,6120","0,6091","0,6124","0,6081","0,46"
"24.08.2009","0,6092","0,6058","0,6101","0,6042","0,56"
"21.08.2009","0,6058","0,6058","0,6092","0,6014","-0,02"
"20.08.2009","0,6059","0,6045","0,6079","0,6021","0,20"
"19.08.2009","0,6047","0,6039","0,6107","0,6025","0,10"
"18.08.2009","0,6041","0,6120","0,6126","0,6028","-1,26"
"17.08.2009","0,6118","0,6057","0,6145","0,6053","1,19"
"14.08.2009","0,6046","0,6033","0,6066","0,6020","0,28"
"13.08.2009","0,6029","0,6063","0,6066","0,6000","-0,58"
"12.08.2009","0,6064","0,6068","0,6102","0,6038","-0,07"
"11.08.2009","0,6068","0,6065","0,6087","0,6049","0,00"
"10.08.2009","0,6068","0,5997","0,6087","0,5980","1,23"
"07.08.2009","0,5994","0,5960","0,6006","0,5940","0,52"
"06.08.2009","0,5963","0,5886","0,5970","0,5871","1,27"
"05.08.2009","0,5888","0,5905","0,5917","0,5866","-0,29"
"04.08.2009","0,5905","0,5903","0,5921","0,5880","-0,02"
"03.08.2009","0,5906","0,5982","0,5989","0,5886","-1,25"
"31.07.2009","0,5981","0,6061","0,6071","0,5976","-1,29"
"30.07.2009","0,6059","0,6110","0,6121","0,6050","-0,79"
"29.07.2009","0,6107","0,6085","0,6118","0,6071","0,36"
"28.07.2009","0,6085","0,6061","0,6101","0,6039","0,38"
"27.07.2009","0,6062","0,6078","0,6105","0,6050","-0,39"
"24.07.2009","0,6086","0,6062","0,6102","0,6044","0,35"
"23.07.2009","0,6065","0,6075","0,6085","0,6028","-0,18"
"22.07.2009","0,6076","0,6076","0,6131","0,6058","-0,08"
"21.07.2009","0,6081","0,6041","0,6104","0,6039","0,60"
"20.07.2009","0,6045","0,6118","0,6125","0,6039","-1,27"
"17.07.2009","0,6123","0,6079","0,6148","0,6079","0,69"
"16.07.2009","0,6081","0,6089","0,6115","0,6068","-0,08"
"15.07.2009","0,6086","0,6126","0,6135","0,6071","-0,67"
"14.07.2009","0,6127","0,6159","0,6162","0,6117","-0,55"
"13.07.2009","0,6161","0,6176","0,6238","0,6157","-0,19"
"10.07.2009","0,6173","0,6120","0,6191","0,6117","0,88"
"09.07.2009","0,6119","0,6227","0,6239","0,6104","-1,69"
"08.07.2009","0,6224","0,6199","0,6256","0,6194","0,39"
"07.07.2009","0,6200","0,6143","0,6205","0,6135","0,91"
"06.07.2009","0,6144","0,6143","0,6146","0,6143","0,39"
"03.07.2009","0,6120","0,6119","0,6135","0,6085","0,10"
"02.07.2009","0,6114","0,6066","0,6127","0,6059","0,74"
"01.07.2009","0,6069","0,6072","0,6105","0,6043","-0,03"
"30.06.2009","0,6071","0,6039","0,6089","0,5971","0,53"
"29.06.2009","0,6039","0,6058","0,6088","0,6028","-0,21"
"26.06.2009","0,6052","0,6106","0,6110","0,6037","-0,93"
"25.06.2009","0,6109","0,6091","0,6161","0,6071","0,21"
"24.06.2009","0,6096","0,6076","0,6109","0,6022","0,35"
"23.06.2009","0,6075","0,6116","0,6170","0,6069","-0,70"
"22.06.2009","0,6118","0,6056","0,6128","0,6054","0,99"
"19.06.2009","0,6058","0,6120","0,6134","0,6035","-1,00"
"18.06.2009","0,6119","0,6102","0,6178","0,6071","0,31"
"17.06.2009","0,6100","0,6098","0,6167","0,6066","0,02"
"16.06.2009","0,6099","0,6132","0,6167","0,6057","-0,57"
"15.06.2009","0,6134","0,6087","0,6158","0,6080","0,87"
"12.06.2009","0,6081","0,6032","0,6124","0,6023","0,88"
"11.06.2009","0,6028","0,6116","0,6119","0,6015","-1,42"
"10.06.2009","0,6115","0,6130","0,6157","0,6069","-0,24"
"09.06.2009","0,6130","0,6232","0,6255","0,6111","-1,67"
"08.06.2009","0,6234","0,6267","0,6329","0,6208","-0,38"
"05.06.2009","0,6258","0,6186","0,6273","0,6155","1,28"
"04.06.2009","0,6179","0,6133","0,6216","0,6084","0,70"
"03.06.2009","0,6136","0,6030","0,6157","0,6000","1,76"
"02.06.2009","0,6030","0,6085","0,6127","0,6024","-0,84"
"01.06.2009","0,6081","0,6182","0,6188","0,6061","-1,59"
"29.05.2009","0,6179","0,6275","0,6282","0,6172","-1,56"
"28.05.2009","0,6277","0,6263","0,6308","0,6243","0,19"
"27.05.2009","0,6265","0,6278","0,6280","0,6215","-0,24"
"26.05.2009","0,6280","0,6281","0,6339","0,6261","-0,03"
"25.05.2009","0,6282","0,6276","0,6315","0,6273","0,11"
"22.05.2009","0,6275","0,6311","0,6348","0,6271","-0,55"
"21.05.2009","0,6310","0,6352","0,6444","0,6292","-0,65"
"20.05.2009","0,6351","0,6461","0,6473","0,6330","-1,72"
"19.05.2009","0,6462","0,6521","0,6539","0,6441","-0,87"
"18.05.2009","0,6519","0,6588","0,6615","0,6514","-1,15"
"15.05.2009","0,6595","0,6572","0,6608","0,6540","0,40"
"14.05.2009","0,6569","0,6595","0,6641","0,6557","-0,42"
"13.05.2009","0,6597","0,6551","0,6628","0,6520","0,73"
"12.05.2009","0,6549","0,6619","0,6634","0,6512","-1,00"
"11.05.2009","0,6615","0,6566","0,6637","0,6558","0,85"
"08.05.2009","0,6559","0,6651","0,6681","0,6552","-1,41"
"07.05.2009","0,6653","0,6617","0,6692","0,6579","0,60"
"06.05.2009","0,6613","0,6640","0,6671","0,6599","-0,32"
"05.05.2009","0,6634","0,6652","0,6674","0,6594","-0,39"
"04.05.2009","0,6660","0,6698","0,6741","0,6655","-0,64"
"01.05.2009","0,6703","0,6763","0,6777","0,6694","-0,92"
"30.04.2009","0,6765","0,6776","0,6801","0,6689","-0,03"
"29.04.2009","0,6767","0,6833","0,6841","0,6749","-1,01"
"28.04.2009","0,6836","0,6839","0,6889","0,6805","-0,01"
"27.04.2009","0,6837","0,6819","0,6890","0,6803","0,35"
"24.04.2009","0,6813","0,6797","0,6861","0,6768","0,29"
"23.04.2009","0,6793","0,6907","0,6924","0,6782","-1,62"
"22.04.2009","0,6905","0,6813","0,6945","0,6807","1,32"
"21.04.2009","0,6815","0,6879","0,6910","0,6798","-1,02"
"20.04.2009","0,6885","0,6762","0,6897","0,6750","1,85"
"17.04.2009","0,6760","0,6699","0,6777","0,6691","0,84"
"16.04.2009","0,6704","0,6673","0,6739","0,6635","0,55"
"15.04.2009","0,6667","0,6712","0,6747","0,6648","-0,67"
"14.04.2009","0,6712","0,6732","0,6746","0,6690","-0,34"
"13.04.2009","0,6735","0,6830","0,6847","0,6724","-1,19"
"10.04.2009","0,6816","0,6815","0,6849","0,6809","-0,01"
"09.04.2009","0,6817","0,6801","0,6856","0,6765","0,21"
"08.04.2009","0,6803","0,6786","0,6833","0,6779","0,25"
"07.04.2009","0,6786","0,6781","0,6857","0,6765","0,12"
"06.04.2009","0,6778","0,6735","0,6817","0,6683","0,53"
"03.04.2009","0,6742","0,6787","0,6826","0,6734","-0,69"
"02.04.2009","0,6789","0,6917","0,6920","0,6778","-1,81"
"01.04.2009","0,6914","0,6976","0,7006","0,6904","-0,97"
"31.03.2009","0,6982","0,7008","0,7024","0,6955","-0,46"
"30.03.2009","0,7014","0,7018","0,7087","0,6993","0,47"
"27.03.2009","0,6981","0,6914","0,7009","0,6898","0,94"
"26.03.2009","0,6916","0,6870","0,6933","0,6830","0,65"
"25.03.2009","0,6871","0,6801","0,6890","0,6789","0,87"
"24.03.2009","0,6812","0,6867","0,6873","0,6765","-0,73"
"23.03.2009","0,6862","0,6902","0,6920","0,6825","-0,72"
"20.03.2009","0,6912","0,6895","0,6947","0,6854","0,30"
"19.03.2009","0,6891","0,6984","0,7061","0,6849","-1,22"
"18.03.2009","0,6976","0,7120","0,7222","0,6974","-1,98"
"17.03.2009","0,7117","0,7102","0,7161","0,7072","0,06"
"16.03.2009","0,7113","0,7163","0,7195","0,7026","-0,45"
"13.03.2009","0,7145","0,7173","0,7213","0,7106","-0,42"
"12.03.2009","0,7175","0,7211","0,7299","0,7149","-0,60"
"11.03.2009","0,7218","0,7273","0,7323","0,7198","-0,77"
"10.03.2009","0,7274","0,7257","0,7306","0,7190","0,17"
"09.03.2009","0,7262","0,7073","0,7277","0,7049","2,27"
"06.03.2009","0,7101","0,7080","0,7123","0,6990","0,34"
"05.03.2009","0,7077","0,7042","0,7123","0,7024","0,21"
"04.03.2009","0,7062","0,7117","0,7150","0,7044","-0,72"
"03.03.2009","0,7113","0,7112","0,7150","0,7062","-0,10"
"02.03.2009","0,7120","0,6996","0,7165","0,6992","1,89"
"27.02.2009","0,6988","0,6981","0,7087","0,6959","-0,04"
"26.02.2009","0,6991","0,7039","0,7062","0,6951","-0,75"
"25.02.2009","0,7044","0,6907","0,7056","0,6845","1,98"
"24.02.2009","0,6907","0,6913","0,6956","0,6857","0,09"
"23.02.2009","0,6901","0,6947","0,6962","0,6819","-0,30"
"20.02.2009","0,6922","0,6999","0,7067","0,6906","-1,10"
"19.02.2009","0,6999","0,7036","0,7038","0,6920","-0,47"
"18.02.2009","0,7032","0,7023","0,7097","0,6992","0,16"
"17.02.2009","0,7021","0,6996","0,7081","0,6987","0,21"
"16.02.2009","0,7006","0,7037","0,7067","0,6982","0,78"
"13.02.2009","0,6952","0,7005","0,7016","0,6846","-0,86"
"12.02.2009","0,7012","0,6949","0,7075","0,6936","0,86"
"11.02.2009","0,6952","0,6875","0,6986","0,6863","0,90"
"10.02.2009","0,6890","0,6708","0,6918","0,6702","2,71"
"09.02.2009","0,6708","0,6766","0,6802","0,6672","-0,68"
"06.02.2009","0,6754","0,6837","0,6855","0,6736","-1,26"
"05.02.2009","0,6840","0,6908","0,6961","0,6800","-1,20"
"04.02.2009","0,6923","0,6916","0,6981","0,6858","0,14"
"03.02.2009","0,6913","0,7000","0,7067","0,6902","-1,30"
"02.02.2009","0,7004","0,6909","0,7116","0,6903","1,67"
"30.01.2009","0,6889","0,6991","0,7048","0,6881","-1,46"
"29.01.2009","0,6991","0,7021","0,7107","0,6938","-0,63"
"28.01.2009","0,7035","0,7075","0,7081","0,6956","-0,48"
"27.01.2009","0,7069","0,7151","0,7179","0,7020","-1,27"
"26.01.2009","0,7160","0,7286","0,7381","0,7144","-1,15"
"23.01.2009","0,7243","0,7207","0,7407","0,7192","0,39"
"","","","","",""
"","Massimo:0,7407","Minimo:0,5866","Differenza:0,1541","Media:0,6355","Var. %:-16,7013"
